,id,num,neg.score,neg.p.value,neg.fdr,neg.rank,neg.goodsgrna,neg.lfc,pos.score,pos.p.value,pos.fdr,pos.rank,pos.goodsgrna,pos.lfc
1,H3c1,20,7.0227e-19,2.3315e-07,0.000248,1,19,-3.273,0.99984,0.99984,1,20341,0,-3.273
2,H2bc11,9,6.7291e-15,2.3315e-07,0.000248,2,9,-4.6483,1,1,1,21231,0,-4.6483
3,H2ac10,21,4.0835e-14,2.3315e-07,0.000248,3,20,-2.6529,1,1,1,21216,0,-2.6529
4,Btbd35f1,29,2.2639e-12,2.3315e-07,0.000248,4,24,-1.0728,0.99421,0.99867,1,19351,1,-1.0728
5,Gm20738,23,3.034e-11,2.3315e-07,0.000248,5,19,-1.0302,0.98982,0.99633,1,19149,1,-1.0302
6,H3c13,11,3.1061e-10,2.3315e-07,0.000248,6,11,-2.3318,1,1,1,21233,0,-2.3318
7,Mfap1a,7,3.5682e-10,2.3315e-07,0.000248,7,7,-2.9264,1,1,1,21232,0,-2.9264
8,Gm14150,6,8.7733e-10,2.3315e-07,0.000248,8,6,-3.3418,1,1,1,21230,0,-3.3418
9,Gm10058,12,2.7959e-09,2.3315e-07,0.000248,9,11,-1.5591,1,1,1,21223,0,-1.5591
10,Gm10439,26,6.7463e-09,2.3315e-07,0.000248,10,19,-0.77978,0.99838,0.99913,1,19740,1,-0.77978
11,Gm14295,14,1.3721e-08,2.3315e-07,0.000248,11,12,-0.99372,1,1,1,21180,0,-0.99372
12,Eif4a3,4,1.6709e-08,2.3315e-07,0.000248,12,4,-4.2991,1,1,1,21229,0,-4.2991
13,Rpl18,3,2.8673e-08,2.3315e-07,0.000248,13,3,-4.534,1,1,1,21228,0,-4.534
14,4930467E23Rik,11,2.9253e-08,2.3315e-07,0.000248,14,10,-1.4657,1,1,1,21141,0,-1.4657
15,Sox9,4,3.6483e-08,2.3315e-07,0.000248,16,4,-3.3457,1,1,1,21226,0,-3.3457
16,Gm10054,5,4.3019e-08,2.3315e-07,0.000248,17,5,-3.1823,1,1,1,21225,0,-3.1823
17,Rps15a,4,6.4635e-08,2.3315e-07,0.000248,18,4,-3.4098,1,1,1,21224,0,-3.4098
18,Gins2,4,7.706e-08,2.3315e-07,0.000248,19,4,-3.6213,1,1,1,21222,0,-3.6213
19,Heatr1,4,7.7994e-08,2.3315e-07,0.000248,20,4,-3.7414,1,1,1,21221,0,-3.7414
20,Fau,4,9.4673e-08,6.9945e-07,0.000437,22,4,-3.1586,1,1,1,21219,0,-3.1586
21,Wdr70,4,1.0689e-07,6.9945e-07,0.000437,23,4,-3.6138,1,1,1,21218,0,-3.6138
22,Thoc3,4,1.3168e-07,6.9945e-07,0.000437,24,4,-2.8388,1,1,1,21217,0,-2.8388
23,1700040F15Rik,8,1.911e-07,1.6321e-06,0.000568,25,8,-1.6391,1,1,1,21215,0,-1.6391
24,Rae1,4,2.1976e-07,6.9945e-07,0.000437,26,4,-3.152,1,1,1,21214,0,-3.152
25,Wdr1,4,2.2387e-07,6.9945e-07,0.000437,27,4,-2.9455,1,1,1,21213,0,-2.9455
26,Rpl3,4,2.5202e-07,6.9945e-07,0.000437,29,4,-3.9699,1,1,1,21211,0,-3.9699
27,Rrm1,4,2.6206e-07,6.9945e-07,0.000437,30,4,-3.5578,1,1,1,21210,0,-3.5578
28,Eef1a1,4,2.73e-07,6.9945e-07,0.000437,31,4,-3.5884,1,1,1,21209,0,-3.5884
29,Gm15459,2,2.9897e-07,6.9945e-07,0.000437,32,2,-4.0704,1,1,1,21208,0,-4.0704
30,Cltc,4,3.182e-07,6.9945e-07,0.000437,33,4,-2.9556,1,1,1,21207,0,-2.9556
31,Urod,4,3.3258e-07,6.9945e-07,0.000437,34,4,-2.5066,1,1,1,21206,0,-2.5066
32,Sf3b5,4,3.4529e-07,6.9945e-07,0.000437,35,4,-3.9864,1,1,1,21205,0,-3.9864
33,H4c12,6,3.7323e-07,1.6321e-06,0.000568,36,6,-2.2626,1,1,1,21204,0,-2.2626
34,5031410I06Rik,10,3.743e-07,2.0984e-06,0.000685,37,9,-1.2872,0.98731,0.98742,1,19053,0,-1.2872
35,Mat2a,4,4.2351e-07,1.1658e-06,0.000476,40,4,-2.9491,1,1,1,21201,0,-2.9491
36,Cdk1,4,4.2435e-07,1.1658e-06,0.000476,41,4,-4.0096,1,1,1,21200,0,-4.0096
37,Tubb5,4,4.3788e-07,1.1658e-06,0.000476,42,4,-3.6298,1,1,1,21199,0,-3.6298
38,Gm10665,26,4.4444e-07,4.8962e-06,0.001083,43,17,-0.81918,0.071975,0.26999,0.970035,3444,6,-0.81918
39,Eif5,4,4.7677e-07,1.1658e-06,0.000476,44,4,-2.7824,1,1,1,21198,0,-2.7824
40,Srsf1,4,4.9716e-07,1.1658e-06,0.000476,45,4,-3.5972,1,1,1,21197,0,-3.5972
41,Gm16451,16,5.0113e-07,5.3625e-06,0.001139,46,13,-1.2926,0.99402,0.99411,1,19341,0,-1.2926
42,Zpr1,4,5.0855e-07,1.1658e-06,0.000476,47,4,-2.5268,1,1,1,21196,0,-2.5268
43,H4c1,10,5.1161e-07,3.9636e-06,0.001026,48,7,-1.9843,0.99392,0.99396,1,19334,0,-1.9843
44,Cct4,4,5.2601e-07,1.1658e-06,0.000476,49,4,-3.5802,1,1,1,21195,0,-3.5802
45,Rnpc3,4,5.602e-07,1.1658e-06,0.000476,50,4,-3.1011,1,1,1,21194,0,-3.1011
46,Polr2a,4,5.6848e-07,1.1658e-06,0.000476,51,4,-2.7418,1,1,1,21193,0,-2.7418
47,Ccna2,4,5.6952e-07,1.1658e-06,0.000476,52,4,-2.5052,1,1,1,21192,0,-2.5052
48,Yars,4,5.758e-07,1.1658e-06,0.000476,53,4,-2.9485,1,1,1,21191,0,-2.9485
49,Ran,4,5.8214e-07,1.1658e-06,0.000476,54,4,-3.1645,1,1,1,21190,0,-3.1645
50,Fdps,4,5.9388e-07,1.1658e-06,0.000476,55,4,-2.7512,1,1,1,21189,0,-2.7512
51,Gm10340,6,5.9567e-07,3.031e-06,0.000906,56,6,-2.2067,1,1,1,21188,0,-2.2067
52,Taf1c,4,6.2905e-07,1.1658e-06,0.000476,57,4,-2.559,1,1,1,21187,0,-2.559
53,Ogt,4,6.3469e-07,1.1658e-06,0.000476,58,4,-2.8997,1,1,1,21186,0,-2.8997
54,Rabggta,4,6.3922e-07,1.1658e-06,0.000476,59,4,-1.7388,1,1,1,21185,0,-1.7388
55,Rad1,4,6.7519e-07,1.6321e-06,0.000568,60,4,-2.8119,1,1,1,21184,0,-2.8119
56,Guk1,4,6.8113e-07,1.6321e-06,0.000568,61,4,-3.2343,1,1,1,21183,0,-3.2343
57,Gtf3c1,4,7.326e-07,1.6321e-06,0.000568,63,4,-2.7181,1,1,1,21181,0,-2.7181
58,Ndor1,4,7.6069e-07,1.6321e-06,0.000568,65,4,-2.3819,1,1,1,21178,0,-2.3819
59,Ccnb1,4,7.7504e-07,1.6321e-06,0.000568,66,4,-3.3857,1,1,1,21177,0,-3.3857
60,Rpl19,4,8.1656e-07,2.0984e-06,0.000685,67,4,-3.7171,1,1,1,21176,0,-3.7171
61,Nfs1,4,8.4562e-07,2.0984e-06,0.000685,68,4,-3.1281,1,1,1,21175,0,-3.1281
62,Krr1,4,8.6828e-07,2.0984e-06,0.000685,69,4,-2.8603,1,1,1,21174,0,-2.8603
63,Dynlt1-ps1,8,8.7772e-07,7.2277e-06,0.001323,70,8,-1.4177,1,1,1,21173,0,-1.4177
64,Trappc1,4,9.1199e-07,2.5647e-06,0.000825,71,4,-2.4083,1,1,1,21172,0,-2.4083
65,H2ac18,9,9.6164e-07,6.2951e-06,0.001215,72,9,-1.6265,1,1,1,21171,0,-1.6265
66,Nup93,4,9.6349e-07,3.031e-06,0.000906,73,4,-2.7793,1,1,1,21170,0,-2.7793
67,Pcna,4,9.728e-07,3.031e-06,0.000906,74,4,-3.4867,1,1,1,21169,0,-3.4867
68,Rangap1,4,9.9479e-07,3.031e-06,0.000906,75,4,-3.1275,1,1,1,21168,0,-3.1275
69,Xab2,4,1.0043e-06,3.031e-06,0.000906,76,4,-3.178,1,1,1,21167,0,-3.178
70,Rnf113a1,4,1.0236e-06,3.4973e-06,0.001017,77,4,-4.0127,1,1,1,21166,0,-4.0127
71,Ddx49,4,1.0647e-06,3.4973e-06,0.001017,78,4,-2.4549,1,1,1,21165,0,-2.4549
72,Drosha,4,1.0865e-06,3.9636e-06,0.001026,79,4,-3.1111,1,1,1,21164,0,-3.1111
73,Defa-ps16,8,1.17e-06,9.5592e-06,0.001538,80,7,-1.4313,0.99994,0.99995,1,20608,0,-1.4313
74,Plk1,4,1.1736e-06,3.9636e-06,0.001026,81,4,-4.1815,1,1,1,21163,0,-4.1815
75,Hmgcs1,4,1.2044e-06,3.9636e-06,0.001026,82,4,-3.0849,1,1,1,21162,0,-3.0849
76,A530032D15Rik,6,1.2372e-06,7.2277e-06,0.001323,83,6,-2.518,1,1,1,21154,0,-2.518
77,Rplp0,4,1.2376e-06,3.9636e-06,0.001026,84,4,-3.3546,1,1,1,21161,0,-3.3546
78,Nfib,4,1.2451e-06,3.9636e-06,0.001026,85,4,-2.656,1,1,1,21160,0,-2.656
79,Riok1,4,1.2507e-06,3.9636e-06,0.001026,86,4,-2.3846,1,1,1,21159,0,-2.3846
80,Rps19,4,1.2639e-06,3.9636e-06,0.001026,87,4,-2.561,1,1,1,21158,0,-2.561
81,Gm12918,3,1.3055e-06,4.4299e-06,0.001034,88,3,-3.8339,1,1,1,21157,0,-3.8339
82,Nip7,4,1.3062e-06,3.9636e-06,0.001026,89,4,-2.754,1,1,1,21156,0,-2.754
83,Eif3i,4,1.3139e-06,4.4299e-06,0.001034,90,4,-3.7311,1,1,1,21155,0,-3.7311
84,Hars,4,1.3694e-06,4.4299e-06,0.001034,91,4,-2.7542,1,1,1,21153,0,-2.7542
85,Rps11,4,1.4143e-06,4.4299e-06,0.001034,93,4,-2.9516,1,1,1,21151,0,-2.9516
86,Ahcy,4,1.4581e-06,4.4299e-06,0.001034,94,4,-1.8877,1,1,1,21150,0,-1.8877
87,Jmjd6,6,1.4651e-06,8.1603e-06,0.00142,95,6,-1.1266,1,1,1,21149,0,-1.1266
88,Phf5a,4,1.4943e-06,4.4299e-06,0.001034,96,4,-3.4785,1,1,1,21148,0,-3.4785
89,Pgd,4,1.5509e-06,4.4299e-06,0.001034,97,4,-2.3611,1,1,1,21147,0,-2.3611
90,Gm11236,16,1.5837e-06,1.6554e-05,0.001863,99,12,-0.80073,0.68117,0.86733,1,13396,2,-0.80073
91,Rpl4,4,1.6761e-06,4.8962e-06,0.001083,100,4,-3.0475,1,1,1,21145,0,-3.0475
92,Glul,4,1.6855e-06,4.8962e-06,0.001083,101,4,-2.8845,1,1,1,21144,0,-2.8845
93,Txnl4a,4,1.8186e-06,4.8962e-06,0.001083,103,4,-3.0896,1,1,1,21142,0,-3.0896
94,Rps21,4,1.8537e-06,5.3625e-06,0.001139,104,4,-3.4523,1,1,1,21140,0,-3.4523
95,Smu1,4,1.8613e-06,5.3625e-06,0.001139,105,4,-4.1856,1,1,1,21139,0,-4.1856
96,Ndufs2,4,1.8663e-06,5.3625e-06,0.001139,106,4,-2.4505,1,1,1,21138,0,-2.4505
97,Ncbp2,4,2.0697e-06,6.2951e-06,0.001215,108,4,-2.9003,1,1,1,21136,0,-2.9003
98,Gm11878,3,2.0798e-06,7.2277e-06,0.001323,109,3,-3.3577,1,1,1,21135,0,-3.3577
99,Snrpf,4,2.1083e-06,6.2951e-06,0.001215,110,4,-4.4396,1,1,1,21134,0,-4.4396
100,Cwc22,4,2.1335e-06,6.2951e-06,0.001215,112,4,-2.7565,0.9999,0.99991,1,20478,0,-2.7565
101,Sap18,6,2.185e-06,1.1424e-05,0.001661,113,6,-1.9879,1,1,1,21132,0,-1.9879
102,Gmps,4,2.1959e-06,6.2951e-06,0.001215,114,4,-2.7778,1,1,1,21131,0,-2.7778
103,Dhdds,4,2.2016e-06,6.2951e-06,0.001215,115,4,-2.4291,1,1,1,21130,0,-2.4291
104,Exosc3,4,2.216e-06,6.2951e-06,0.001215,116,4,-2.3044,1,1,1,21129,0,-2.3044
105,Snrpd1,4,2.2655e-06,6.2951e-06,0.001215,117,4,-2.6981,1,1,1,21128,0,-2.6981
106,Puf60,4,2.3398e-06,6.7614e-06,0.001282,118,4,-3.6111,1,1,1,21127,0,-3.6111
107,Haus4,4,2.361e-06,6.7614e-06,0.001282,119,4,-2.4867,1,1,1,21126,0,-2.4867
108,Gm10406,5,2.3906e-06,1.0025e-05,0.001589,120,5,-1.6832,1,1,1,21125,0,-1.6832
109,Hspa5,4,2.4594e-06,6.9945e-06,0.001314,121,4,-3.2754,1,1,1,21124,0,-3.2754
110,Ints9,4,2.5512e-06,7.694e-06,0.001384,122,4,-2.2836,1,1,1,21123,0,-2.2836
111,Dars,4,2.5737e-06,7.694e-06,0.001384,123,4,-2.1944,1,1,1,21122,0,-2.1944
112,4930572O03Rik,7,2.6134e-06,1.6554e-05,0.001863,124,6,-1.5188,0.93367,0.9335,1,17891,0,-1.5188
113,Ptpn11,4,2.6258e-06,7.9271e-06,0.001414,125,4,-2.3158,1,1,1,21121,0,-2.3158
114,Rrm2,4,2.6291e-06,8.1603e-06,0.00142,126,4,-3.8339,1,1,1,21120,0,-3.8339
115,Atp5a1,4,2.6456e-06,8.1603e-06,0.00142,127,4,-2.4972,1,1,1,21119,0,-2.4972
116,Cct8,4,2.6837e-06,8.6266e-06,0.001489,128,4,-3.2554,0.99942,0.99943,1,19995,0,-3.2554
117,Dna2,4,2.6987e-06,8.8597e-06,0.001517,129,4,-2.4214,1,1,1,21118,0,-2.4214
118,Gm13611,3,2.7051e-06,9.5592e-06,0.001538,130,3,-4.7303,1,1,1,21117,0,-4.7303
119,Farsa,4,2.8491e-06,9.5592e-06,0.001538,131,4,-2.8198,1,1,1,21116,0,-2.8198
120,Xpo1,4,2.8595e-06,9.5592e-06,0.001538,132,4,-3.4982,1,1,1,21115,0,-3.4982
121,Cse1l,4,2.8911e-06,9.5592e-06,0.001538,134,4,-3.0134,1,1,1,21113,0,-3.0134
122,Cct3,4,2.9017e-06,9.5592e-06,0.001538,135,4,-1.9654,1,1,1,21112,0,-1.9654
123,Kctd10,4,2.923e-06,9.5592e-06,0.001538,136,4,-2.0794,1,1,1,21111,0,-2.0794
124,Mrps16,4,2.9337e-06,1.0025e-05,0.001589,137,4,-2.0519,1,1,1,21110,0,-2.0519
125,Rps6,4,2.9911e-06,1.0958e-05,0.001661,138,4,-3.1356,1,1,1,21109,0,-3.1356
126,Pole,4,3.0641e-06,1.0958e-05,0.001661,139,4,-3.0256,1,1,1,21108,0,-3.0256
127,Sf3b4,4,3.0678e-06,1.0958e-05,0.001661,140,4,-2.6857,1,1,1,21107,0,-2.6857
128,Chchd1,4,3.0752e-06,1.0958e-05,0.001661,141,4,-2.8423,1,1,1,21106,0,-2.8423
129,Wdr82,4,3.0863e-06,1.0958e-05,0.001661,142,4,-2.4135,1,1,1,21105,0,-2.4135
130,Cpsf4,4,3.1272e-06,1.1424e-05,0.001661,143,4,-3.2444,1,1,1,21104,0,-3.2444
131,Bub3,4,3.1497e-06,1.1424e-05,0.001661,144,4,-4.356,1,1,1,21103,0,-4.356
132,Dync1h1,4,3.1685e-06,1.1424e-05,0.001661,145,4,-2.3794,1,1,1,21102,0,-2.3794
133,Psmb7,4,3.2161e-06,1.1424e-05,0.001661,146,3,-3.1242,0.98552,0.98553,1,18997,0,-3.1242
134,Wdr34,4,3.2524e-06,1.1424e-05,0.001661,147,4,-2.2805,1,1,1,21101,0,-2.2805
135,Mrpl52,4,3.2989e-06,1.1424e-05,0.001661,148,4,-2.3544,1,1,1,21100,0,-2.3544
136,Psmc5,4,3.3774e-06,1.1891e-05,0.001683,149,4,-2.2478,1,1,1,21099,0,-2.2478
137,Dohh,4,3.3972e-06,1.1891e-05,0.001683,150,4,-2.796,1,1,1,21098,0,-2.796
138,Gatb,4,3.4172e-06,1.1891e-05,0.001683,151,4,-2.3466,1,1,1,21097,0,-2.3466
139,Hsd17b10,4,3.4452e-06,1.1891e-05,0.001683,152,4,-1.7867,1,1,1,21096,0,-1.7867
140,Ndufa1,4,3.5141e-06,1.2357e-05,0.00171,153,4,-3.0122,1,1,1,21095,0,-3.0122
141,Dctn6,4,3.6256e-06,1.2823e-05,0.00171,154,4,-2.5442,1,1,1,21094,0,-2.5442
142,Psma4,4,3.6381e-06,1.2823e-05,0.00171,155,4,-2.8707,1,1,1,21093,0,-2.8707
143,Med12,4,3.6844e-06,1.2823e-05,0.00171,156,4,-2.9887,1,1,1,21092,0,-2.9887
144,Brf2,4,3.7056e-06,1.2823e-05,0.00171,157,4,-2.8281,1,1,1,21091,0,-2.8281
145,Napa,4,3.7269e-06,1.2823e-05,0.00171,158,4,-2.975,1,1,1,21090,0,-2.975
146,Polr2g,4,3.7869e-06,1.2823e-05,0.00171,159,4,-3.3432,1,1,1,21089,0,-3.3432
147,Ipo13,4,3.8129e-06,1.2823e-05,0.00171,160,4,-2.692,1,1,1,21088,0,-2.692
148,Snapc3,4,3.8346e-06,1.3056e-05,0.00171,161,4,-2.3491,1,1,1,21087,0,-2.3491
149,Gm10662,13,3.8704e-06,3.4273e-05,0.002616,162,11,-0.8156,0.9997,0.99969,1,20171,0,-0.8156
150,Gm12957,4,3.927e-06,1.329e-05,0.00171,163,4,-2.6133,1,1,1,21086,0,-2.6133
151,Rad51,4,3.9403e-06,1.329e-05,0.00171,164,4,-2.5873,1,1,1,21085,0,-2.5873
152,Polr3h,4,3.9626e-06,1.329e-05,0.00171,165,4,-2.5852,1,1,1,21084,0,-2.5852
153,Upf1,4,4.0209e-06,1.329e-05,0.00171,166,4,-2.4375,1,1,1,21083,0,-2.4375
154,Psma5,4,4.0481e-06,1.329e-05,0.00171,167,4,-2.6632,1,1,1,21082,0,-2.6632
155,Rbm8a,4,4.0708e-06,1.329e-05,0.00171,168,4,-2.8884,1,1,1,21081,0,-2.8884
156,Vps25,4,4.112e-06,1.3756e-05,0.001739,169,4,-3.6041,1,1,1,21080,0,-3.6041
157,Cpsf2,4,4.1489e-06,1.3756e-05,0.001739,170,4,-2.9207,1,1,1,21079,0,-2.9207
158,Nedd8,4,4.1581e-06,1.3756e-05,0.001739,171,4,-2.6583,1,1,1,21078,0,-2.6583
159,Ruvbl2,4,4.244e-06,1.4689e-05,0.001835,172,4,-2.8011,0.99998,0.99998,1,20875,0,-2.8011
160,H3c6,4,4.2609e-06,1.4689e-05,0.001835,173,4,-3.9963,1,1,1,21077,0,-3.9963
161,Cox5b,4,4.3273e-06,1.5155e-05,0.001849,174,4,-1.8349,1,1,1,21076,0,-1.8349
162,Tmem107,4,4.3368e-06,1.5155e-05,0.001849,175,4,-2.0243,1,1,1,21075,0,-2.0243
163,Ppp2r3c,4,4.3848e-06,1.5155e-05,0.001849,176,4,-2.7136,1,1,1,21074,0,-2.7136
164,Atp2a2,4,4.3945e-06,1.5155e-05,0.001849,177,4,-2.9205,1,1,1,21073,0,-2.9205
165,Dut,4,4.4722e-06,1.5621e-05,0.001863,178,4,-2.8743,1,1,1,21072,0,-2.8743
166,Exosc8,4,4.5164e-06,1.6087e-05,0.001863,180,4,-2.568,1,1,1,21070,0,-2.568
167,Eif3g,4,4.5361e-06,1.6087e-05,0.001863,181,4,-2.0306,1,1,1,21069,0,-2.0306
168,Iars,4,4.5658e-06,1.6087e-05,0.001863,183,4,-2.5343,1,1,1,21067,0,-2.5343
169,Cop1,4,4.6207e-06,1.6087e-05,0.001863,185,4,-1.8549,1,1,1,21064,0,-1.8549
170,B9d1,4,4.6357e-06,1.6554e-05,0.001863,186,4,-2.6972,1,1,1,21063,0,-2.6972
171,Brf1,4,4.666e-06,1.6554e-05,0.001863,187,4,-3.4697,1,1,1,21062,0,-3.4697
172,Ctdp1,4,4.9975e-06,1.702e-05,0.001863,188,4,-3.1465,1,1,1,21061,0,-3.1465
173,Smo,4,5.0081e-06,1.702e-05,0.001863,189,4,-4.2954,0.99999,1,1,21060,0,-4.2954
174,Med22,4,5.0401e-06,1.702e-05,0.001863,190,4,-2.0961,0.99999,1,1,21059,0,-2.0961
175,Isca1,4,5.0562e-06,1.702e-05,0.001863,191,4,-3.594,0.99999,1,1,21058,0,-3.594
176,Cog4,4,5.1317e-06,1.702e-05,0.001863,192,4,-2.5078,0.99999,1,1,21057,0,-2.5078
177,Ift46,4,5.2107e-06,1.702e-05,0.001863,193,4,-2.1481,0.99999,1,1,21056,0,-2.1481
178,Ppp2ca,4,5.23e-06,1.702e-05,0.001863,194,4,-3.1606,0.99999,1,1,21055,0,-3.1606
179,Rfc3,4,5.2355e-06,1.702e-05,0.001863,195,4,-1.9667,0.99999,1,1,21054,0,-1.9667
180,Sbno1,4,5.3464e-06,1.7486e-05,0.001904,196,4,-2.5906,0.99999,0.99999,1,21053,0,-2.5906
181,Gm6136,3,5.4088e-06,1.8419e-05,0.001955,197,3,-3.6427,0.99999,1,1,21052,0,-3.6427
182,Yeats4,4,5.4251e-06,1.8419e-05,0.001955,198,4,-2.036,0.99999,0.99999,1,21051,0,-2.036
183,Ppil4,4,5.4932e-06,1.8419e-05,0.001955,199,4,-2.1898,0.99999,0.99999,1,21050,0,-2.1898
184,Rpl31,4,5.5218e-06,1.8419e-05,0.001955,200,4,-2.329,0.99999,0.99999,1,21049,0,-2.329
185,Eif2b2,4,5.5333e-06,1.8419e-05,0.001955,201,4,-4.1973,0.99999,0.99999,1,21048,0,-4.1973
186,Cenpm,4,5.5851e-06,1.8885e-05,0.001985,202,4,-2.1666,0.99999,0.99999,1,21047,0,-2.1666
187,Chaf1b,4,5.6489e-06,1.8885e-05,0.001985,203,4,-2.2753,0.99999,0.99999,1,21046,0,-2.2753
188,Tcp1,4,5.8138e-06,1.9352e-05,0.002023,204,4,-2.0386,0.99999,0.99999,1,21045,0,-2.0386
189,Slc7a5,4,5.8676e-06,1.9818e-05,0.002023,205,4,-2.3197,0.99999,0.99999,1,21044,0,-2.3197
190,Kansl3,4,5.8796e-06,1.9818e-05,0.002023,206,4,-2.0787,0.99999,0.99999,1,21043,0,-2.0787
191,Psma6,4,5.8864e-06,1.9818e-05,0.002023,207,4,-2.9493,0.99999,0.99998,1,20926,0,-2.9493
192,Polr2j,4,5.9823e-06,1.9818e-05,0.002023,208,4,-2.5851,0.99999,0.99999,1,21042,0,-2.5851
193,Ddx56,4,6.0036e-06,1.9818e-05,0.002023,209,4,-3.2765,0.9999,0.99991,1,20494,0,-3.2765
194,Sf3a1,4,6.2481e-06,2.0284e-05,0.002051,210,4,-2.9708,0.99999,0.99999,1,21041,0,-2.9708
195,Erh,4,6.2544e-06,2.0284e-05,0.002051,211,4,-3.108,0.99999,0.99999,1,21040,0,-3.108
196,Fam50a,4,6.3747e-06,2.075e-05,0.002059,212,4,-1.7203,0.99999,0.99999,1,21039,0,-1.7203
197,Polr3b,4,6.3939e-06,2.075e-05,0.002059,213,4,-2.5441,0.99999,0.99999,1,21038,0,-2.5441
198,Rps7,3,6.4187e-06,2.1217e-05,0.002076,214,3,-2.9481,0.99999,0.99999,1,21037,0,-2.9481
199,Snrpb,4,6.5748e-06,2.075e-05,0.002059,215,4,-3.4988,0.99999,0.99999,1,21036,0,-3.4988
200,Psmd14,4,6.6272e-06,2.075e-05,0.002059,216,4,-2.3455,0.99999,0.99999,1,21035,0,-2.3455
201,Zfp131,4,6.9481e-06,2.1217e-05,0.002076,217,4,-2.3562,0.99999,0.99999,1,21034,0,-2.3562
202,Psmb6,4,6.9685e-06,2.1217e-05,0.002076,218,4,-2.7349,0.99999,0.99999,1,21033,0,-2.7349
203,Wee1,4,7.0095e-06,2.1683e-05,0.002112,219,4,-2.7396,0.99999,0.99999,1,21032,0,-2.7396
204,Mak16,4,7.0438e-06,2.2149e-05,0.002128,220,4,-2.3822,0.99999,0.99999,1,21031,0,-2.3822
205,Gins1,4,7.0507e-06,2.2149e-05,0.002128,221,4,-2.8025,0.99999,0.99999,1,21030,0,-2.8025
206,Evc,4,7.0921e-06,2.2149e-05,0.002128,222,4,-2.6935,0.99999,0.99999,1,21029,0,-2.6935
207,Bptf,4,7.1823e-06,2.2616e-05,0.002163,223,4,-2.1089,0.99999,0.99999,1,21028,0,-2.1089
208,Max,4,7.3514e-06,2.4015e-05,0.002266,224,3,-2.3968,0.98787,0.98786,1,19076,0,-2.3968
209,2610042L04Rik,6,7.3914e-06,4.6397e-05,0.003147,225,5,-2.734,0.99976,0.99975,1,20231,0,-2.734
210,Smc3,4,7.5447e-06,2.4015e-05,0.002266,226,4,-3.1756,0.99999,0.99999,1,21027,0,-3.1756
211,Rpl37a,3,7.547e-06,2.4481e-05,0.00228,227,3,-2.9308,0.99999,0.99999,1,21026,0,-2.9308
212,Sf3a3,4,7.581e-06,2.4481e-05,0.00228,228,4,-2.4705,0.99999,0.99999,1,21025,0,-2.4705
213,Psma1,4,7.6612e-06,2.4481e-05,0.00228,229,4,-2.1344,0.99999,0.99999,1,21024,0,-2.1344
214,Gm21466,5,7.6749e-06,3.1942e-05,0.002589,230,5,-1.7796,0.99999,0.99999,1,21023,0,-1.7796
215,4930555G01Rik,7,7.7057e-06,4.733e-05,0.003152,231,7,-2.0665,0.99999,0.99999,1,21022,0,-2.0665
216,Wdr5,4,7.8339e-06,2.5413e-05,0.002321,232,3,-3.2359,0.97715,0.97714,1,18780,0,-3.2359
217,Gm10302,11,7.93e-06,6.5049e-05,0.003506,233,9,-1.4442,0.34992,0.59489,1,9043,1,-1.4442
218,Snapc2,4,7.9518e-06,2.588e-05,0.002321,234,4,-3.2245,0.99929,0.9993,1,19945,0,-3.2245
219,Pdrg1,4,7.9885e-06,2.588e-05,0.002321,235,4,-2.3148,0.99999,0.99999,1,21021,0,-2.3148
220,Pelo,4,7.996e-06,2.588e-05,0.002321,236,4,-2.1156,0.99999,0.99999,1,21020,0,-2.1156
221,Ss18l2,4,8.0948e-06,2.588e-05,0.002321,237,4,-3.3078,0.99999,0.99999,1,21019,0,-3.3078
222,Rad9a,4,8.1101e-06,2.588e-05,0.002321,238,4,-2.5576,0.99999,0.99999,1,21018,0,-2.5576
223,Nup85,4,8.1177e-06,2.6113e-05,0.002321,239,4,-2.7038,0.99999,0.99999,1,21017,0,-2.7038
224,Cpsf1,4,8.1188e-06,2.6346e-05,0.002321,240,4,-2.7949,0.99999,0.99999,1,20983,0,-2.7949
225,Paf1,4,8.156e-06,2.6346e-05,0.002321,241,4,-2.4525,0.99999,0.99999,1,21016,0,-2.4525
226,Dhx33,4,8.1944e-06,2.6346e-05,0.002321,242,4,-2.3733,0.99999,0.99999,1,21015,0,-2.3733
227,Mrpl33,4,8.2098e-06,2.6346e-05,0.002321,243,4,-1.8792,0.99999,0.99999,1,21014,0,-1.8792
228,Oip5,4,8.2562e-06,2.6346e-05,0.002321,244,4,-2.5396,0.99999,0.99999,1,21013,0,-2.5396
229,Rars,4,8.2872e-06,2.6346e-05,0.002321,245,4,-2.8398,0.99999,0.99999,1,21012,0,-2.8398
230,Uqcrc1,4,8.3495e-06,2.6812e-05,0.002324,246,4,-1.9635,0.99999,0.99999,1,21011,0,-1.9635
231,Smc6,4,8.3808e-06,2.6812e-05,0.002324,247,4,-1.6685,0.99999,0.99999,1,21010,0,-1.6685
232,Fars2,4,8.3886e-06,2.6812e-05,0.002324,248,4,-1.9966,0.99999,0.99999,1,21009,0,-1.9966
233,Paics,4,8.4358e-06,2.6812e-05,0.002324,249,4,-1.8387,0.99999,0.99999,1,21008,0,-1.8387
234,Hspa9,4,8.5465e-06,2.7279e-05,0.002355,250,4,-2.7375,0.99999,0.99999,1,21007,0,-2.7375
235,Rpl37,3,8.6723e-06,2.7512e-05,0.002365,251,3,-2.534,0.99999,0.99999,1,21006,0,-2.534
236,Sbds,4,8.6824e-06,2.7745e-05,0.002375,252,4,-1.9721,0.99999,0.99999,1,21005,0,-1.9721
237,Ppp4c,4,8.7388e-06,2.8211e-05,0.002386,253,4,-2.011,0.99999,0.99999,1,21004,0,-2.011
238,Uqcr10,4,8.7874e-06,2.8211e-05,0.002386,254,4,-1.8762,0.99999,0.99999,1,21003,0,-1.8762
239,Snw1,4,8.8118e-06,2.8211e-05,0.002386,255,4,-2.0453,0.99999,0.99999,1,21002,0,-2.0453
240,Pold2,4,8.8689e-06,2.8678e-05,0.002416,256,4,-2.8224,0.99999,0.99999,1,21001,0,-2.8224
241,Ufd1,4,8.9508e-06,2.9144e-05,0.002427,257,4,-2.8555,0.99999,0.99999,1,21000,0,-2.8555
242,Nle1,4,9.0169e-06,2.9144e-05,0.002427,258,4,-2.4974,0.99999,0.99999,1,20999,0,-2.4974
243,Ino80,4,9.0251e-06,2.9144e-05,0.002427,259,4,-1.8208,0.99999,0.99999,1,20998,0,-1.8208
244,Nol10,4,9.1835e-06,3.0543e-05,0.002533,260,4,-1.9189,0.99999,0.99999,1,20997,0,-1.9189
245,Ncbp1,4,9.2507e-06,3.1009e-05,0.002552,262,4,-3.1256,0.99999,0.99999,1,20996,0,-3.1256
246,Eftud2,4,9.3864e-06,3.1942e-05,0.002589,263,4,-2.9386,0.99999,0.99999,1,20995,0,-2.9386
247,Mrpl27,4,9.4634e-06,3.1942e-05,0.002589,264,4,-1.6025,0.99999,0.99999,1,20994,0,-1.6025
248,Snap23,4,9.4806e-06,3.1942e-05,0.002589,265,4,-2.7806,0.99999,0.99999,1,20993,0,-2.7806
249,Rpa2,4,9.5668e-06,3.2408e-05,0.002616,266,4,-3.19,0.99999,0.99999,1,20992,0,-3.19
250,Srsf7,4,9.6014e-06,3.2874e-05,0.002616,267,4,-2.1038,0.99999,0.99999,1,20991,0,-2.1038
251,Cox7b,4,9.6361e-06,3.2874e-05,0.002616,268,4,-1.6577,0.99999,0.99999,1,20990,0,-1.6577
252,Mtrex,4,9.6448e-06,3.2874e-05,0.002616,269,4,-2.7319,0.99999,0.99999,1,20989,0,-2.7319
253,Alg11,4,9.7322e-06,3.3341e-05,0.002616,270,4,-1.883,0.99999,0.99999,1,20988,0,-1.883
254,Mrpl22,4,9.7936e-06,3.3341e-05,0.002616,271,4,-1.7448,0.99999,0.99999,1,20987,0,-1.7448
255,Gm8623,2,1.0073e-05,2.3082e-05,0.002198,272,2,-4.7095,0.99999,0.99999,1,20986,0,-4.7095
256,2210418O10Rik,5,1.0088e-05,4.3599e-05,0.003055,273,5,-2.1099,0.99999,0.99999,1,20985,0,-2.1099
257,Psma3,4,1.014e-05,3.3807e-05,0.002616,274,4,-3.4863,0.99993,0.99993,1,20589,0,-3.4863
258,Chmp6,4,1.0214e-05,3.3807e-05,0.002616,275,4,-2.2742,0.99999,0.99999,1,20984,0,-2.2742
259,Gosr2,4,1.0397e-05,3.4273e-05,0.002616,276,4,-2.2811,0.99999,0.99999,1,20982,0,-2.2811
260,Prpf6,4,1.0424e-05,3.4273e-05,0.002616,277,4,-2.3395,0.99999,0.99999,1,20981,0,-2.3395
261,Nup205,4,1.0434e-05,3.4273e-05,0.002616,278,4,-2.1041,0.99999,0.99999,1,20980,0,-2.1041
262,Gm10095,3,1.0581e-05,3.3807e-05,0.002616,279,3,-3.4731,0.99997,0.99998,1,20782,0,-3.4731
263,Rnh1,4,1.068e-05,3.4273e-05,0.002616,280,4,-2.1382,0.99999,0.99999,1,20979,0,-2.1382
264,Alg13,4,1.077e-05,3.4273e-05,0.002616,281,4,-2.4255,0.99999,0.99999,1,20978,0,-2.4255
265,Rps3,4,1.0846e-05,3.4273e-05,0.002616,282,4,-3.7819,0.99999,0.99999,1,20977,0,-3.7819
266,Eif2s3x,4,1.0951e-05,3.4739e-05,0.002616,283,4,-2.7772,0.99999,0.99999,1,20976,0,-2.7772
267,Tbcc,4,1.1027e-05,3.4739e-05,0.002616,284,4,-1.9386,0.99999,0.99999,1,20975,0,-1.9386
268,Yrdc,4,1.1037e-05,3.4739e-05,0.002616,285,4,-2.7873,0.99999,0.99999,1,20974,0,-2.7873
269,Psmc4,4,1.1066e-05,3.4739e-05,0.002616,286,4,-2.7064,0.99999,0.99999,1,20973,0,-2.7064
270,Trmt61a,4,1.1085e-05,3.5206e-05,0.002641,287,4,-1.9898,0.99999,0.99999,1,20972,0,-1.9898
271,Nelfcd,4,1.1173e-05,3.6605e-05,0.002727,288,4,-2.0676,0.99999,0.99999,1,20971,0,-2.0676
272,Srp19,4,1.1182e-05,3.6605e-05,0.002727,289,4,-2.5893,0.99999,0.99999,1,20970,0,-2.5893
273,Rprd1b,4,1.125e-05,3.7071e-05,0.002752,290,4,-1.52,0.99999,0.99999,1,20969,0,-1.52
274,Qrsl1,4,1.129e-05,3.7537e-05,0.002767,291,4,-2.2597,0.99999,0.99999,1,20968,0,-2.2597
275,Ppp2r1a,4,1.1309e-05,3.7537e-05,0.002767,292,4,-2.2878,0.99999,0.99999,1,20967,0,-2.2878
276,Aurka,4,1.1408e-05,3.8004e-05,0.002783,293,4,-2.6399,0.99999,0.99999,1,20966,0,-2.6399
277,Mettl16,4,1.1467e-05,3.8004e-05,0.002783,294,4,-2.435,0.99999,0.99999,1,20965,0,-2.435
278,Cdc123,4,1.1536e-05,3.847e-05,0.002797,295,4,-2.28,0.99999,0.99999,1,20964,0,-2.28
279,Mars1,4,1.1606e-05,3.9403e-05,0.002836,296,4,-3.2554,0.99999,0.99999,1,20963,0,-3.2554
280,Orc5,4,1.1666e-05,3.9403e-05,0.002836,297,4,-1.9785,0.99999,0.99999,1,20962,0,-1.9785
281,Tbcd,4,1.1676e-05,3.9403e-05,0.002836,298,4,-1.9593,0.99999,0.99999,1,20961,0,-1.9593
282,Qk,4,1.1707e-05,3.9869e-05,0.00286,299,4,-2.9967,0.99999,0.99999,1,20960,0,-2.9967
283,Taf2,4,1.1868e-05,4.0335e-05,0.002874,301,4,-2.048,0.99999,0.99999,1,20958,0,-2.048
284,Smc4,4,1.1981e-05,4.1268e-05,0.002931,302,4,-2.2307,0.99999,0.99999,1,20957,0,-2.2307
285,Mrpl4,4,1.2104e-05,4.22e-05,0.002987,303,4,-2.9184,0.99999,0.99999,1,20956,0,-2.9184
286,Prpf8,4,1.2259e-05,4.3133e-05,0.003033,305,4,-2.7583,0.99999,0.99999,1,20954,0,-2.7583
287,Ppil2,4,1.2395e-05,4.4532e-05,0.00309,306,4,-2.327,0.99999,0.99999,1,20953,0,-2.327
288,Atp6v0c,4,1.2406e-05,4.4532e-05,0.00309,307,4,-2.4842,0.99999,0.99999,1,20952,0,-2.4842
289,Grpel1,4,1.249e-05,4.4998e-05,0.003112,308,4,-2.5104,0.99999,0.99999,1,20951,0,-2.5104
290,Psmd7,4,1.2628e-05,4.5464e-05,0.003124,309,4,-2.1071,0.99999,0.99999,1,20950,0,-2.1071
291,Ncaph2,8,1.2674e-05,9.1162e-05,0.004236,310,7,-1.1823,0.98835,0.98836,1,19093,0,-1.1823
292,Dimt1,4,1.2703e-05,4.5464e-05,0.003124,311,4,-1.4653,0.99999,0.99999,1,20949,0,-1.4653
293,Ubtf,4,1.2864e-05,4.6397e-05,0.003147,312,4,-2.3078,0.99999,0.99999,1,20948,0,-2.3078
294,Nus1,4,1.2907e-05,4.6397e-05,0.003147,313,4,-2.4672,0.99999,0.99999,1,20947,0,-2.4672
295,Cdipt,4,1.2934e-05,4.6397e-05,0.003147,314,4,-1.5397,0.99999,0.99999,1,20946,0,-1.5397
296,Tex10,4,1.3005e-05,4.6863e-05,0.003152,315,4,-2.0983,0.99999,0.99999,1,20945,0,-2.0983
297,Skp1,4,1.3147e-05,4.733e-05,0.003152,316,4,-2.2408,0.99999,0.99999,1,20944,0,-2.2408
298,Eif1ad,4,1.3191e-05,4.733e-05,0.003152,317,4,-2.0123,0.99999,0.99999,1,20943,0,-2.0123
299,Timm29,4,1.3235e-05,4.7796e-05,0.003152,318,4,-1.9535,0.99999,0.99999,1,20942,0,-1.9535
300,Hypk,4,1.3257e-05,4.7796e-05,0.003152,319,4,-2.4654,0.99999,0.99999,1,20941,0,-2.4654
301,Vmn1r2,9,1.3291e-05,9.9089e-05,0.00442,320,8,-2.1786,1,1,1,21066,0,-2.1786
302,Dync1i2,4,1.3313e-05,4.7796e-05,0.003152,321,4,-2.7617,0.99999,0.99999,1,20940,0,-2.7617
303,Actl6a,4,1.332e-05,4.7796e-05,0.003152,322,4,-3.4476,0.99976,0.99976,1,20228,0,-3.4476
304,Snrnp200,4,1.3424e-05,4.7796e-05,0.003152,323,4,-2.6753,0.99999,0.99999,1,20939,0,-2.6753
305,Csnk1a1,4,1.3435e-05,4.8262e-05,0.003153,324,4,-1.9256,0.99999,0.99999,1,20938,0,-1.9256
306,Gtf2a1,4,1.3592e-05,4.8262e-05,0.003153,325,4,-1.8556,0.99999,0.99999,1,20937,0,-1.8556
307,Utp4,4,1.3603e-05,4.8262e-05,0.003153,326,4,-2.5279,0.99999,0.99999,1,20936,0,-2.5279
308,Eef2,4,1.3671e-05,4.9195e-05,0.003192,327,4,-2.3093,0.99999,0.99999,1,20935,0,-2.3093
309,Mrpl50,4,1.375e-05,4.9661e-05,0.003192,328,4,-1.6151,0.99999,0.99999,1,20934,0,-1.6151
310,Rab34,4,1.3841e-05,5.0127e-05,0.003192,329,4,-1.8874,0.99999,0.99999,1,20933,0,-1.8874
311,Med11,4,1.3875e-05,5.0127e-05,0.003192,330,4,-2.6455,0.99999,0.99999,1,20932,0,-2.6455
312,Spdl1,4,1.3933e-05,5.0127e-05,0.003192,331,4,-2.2012,0.99999,0.99999,1,20931,0,-2.2012
313,Rpsa,3,1.398e-05,4.4532e-05,0.00309,332,3,-4.143,0.99999,0.99999,1,20930,0,-4.143
314,Pgm3,4,1.4013e-05,5.0127e-05,0.003192,333,4,-1.8314,0.99999,0.99999,1,20929,0,-1.8314
315,Aurkaip1,4,1.4059e-05,5.0127e-05,0.003192,334,4,-1.4792,0.99999,0.99999,1,20928,0,-1.4792
316,Topbp1,4,1.421e-05,5.0594e-05,0.003192,335,4,-2.0432,0.99999,0.99998,1,20927,0,-2.0432
317,Gfm1,4,1.4338e-05,5.0594e-05,0.003192,336,4,-2.2644,0.99999,0.99998,1,20925,0,-2.2644
318,Aasdhppt,4,1.4397e-05,5.106e-05,0.003192,337,4,-2.3033,0.99999,0.99998,1,20924,0,-2.3033
319,Taf5,4,1.4586e-05,5.106e-05,0.003192,338,4,-1.4811,0.99999,0.99998,1,20923,0,-1.4811
320,Ndc80,4,1.4705e-05,5.1526e-05,0.003192,339,4,-2.6328,0.99999,0.99998,1,20922,0,-2.6328
321,Mars2,4,1.4801e-05,5.1526e-05,0.003192,340,4,-2.1045,0.99999,0.99998,1,20921,0,-2.1045
322,Anapc11,4,1.4825e-05,5.1526e-05,0.003192,341,4,-3.0222,0.99999,0.99998,1,20920,0,-3.0222
323,Hnrnpk,4,1.4921e-05,5.1993e-05,0.003192,342,4,-2.2363,0.99999,0.99998,1,20919,0,-2.2363
324,Pnpt1,4,1.5006e-05,5.1993e-05,0.003192,343,4,-1.7328,0.99998,0.99998,1,20918,0,-1.7328
325,Pcid2,4,1.5091e-05,5.1993e-05,0.003192,344,4,-1.9758,0.99998,0.99998,1,20917,0,-1.9758
326,Nop16,4,1.5286e-05,5.2459e-05,0.003192,345,4,-2.5133,0.99998,0.99998,1,20916,0,-2.5133
327,Yae1d1,4,1.5373e-05,5.2459e-05,0.003192,346,4,-2.3778,0.99998,0.99998,1,20915,0,-2.3778
328,Ciao3,4,1.5385e-05,5.2459e-05,0.003192,347,4,-2.2063,0.99998,0.99998,1,20914,0,-2.2063
329,Snapc5,4,1.5425e-05,5.2459e-05,0.003192,348,4,-2.3505,0.99985,0.99986,1,20364,0,-2.3505
330,Snrnp35,4,1.5498e-05,5.2459e-05,0.003192,349,4,-2.5609,0.99998,0.99998,1,20899,0,-2.5609
331,Esx1,4,1.5596e-05,5.2459e-05,0.003192,350,4,-2.7919,0.99998,0.99998,1,20913,0,-2.7919
332,Hscb,4,1.5771e-05,5.2925e-05,0.003193,351,4,-1.9769,0.99998,0.99998,1,20912,0,-1.9769
333,Dbr1,4,1.5784e-05,5.2925e-05,0.003193,352,4,-2.8585,0.99998,0.99998,1,20911,0,-2.8585
334,Nars,4,1.5834e-05,5.3392e-05,0.003212,353,4,-2.6676,0.99998,0.99998,1,20910,0,-2.6676
335,Top2a,4,1.5974e-05,5.479e-05,0.003277,354,4,-2.6216,0.99998,0.99998,1,20909,0,-2.6216
336,H2bc1,7,1.5989e-05,0.00010562,0.004605,355,3,-0.33526,0.81066,0.82511,1,15675,1,-0.33526
337,Rpl10,3,1.6067e-05,5.0127e-05,0.003192,356,3,-2.9951,0.99998,0.99999,1,20908,0,-2.9951
338,Atp6v1b2,4,1.6127e-05,5.5723e-05,0.003296,357,4,-1.8262,0.99998,0.99998,1,20907,0,-1.8262
339,Utp15,4,1.614e-05,5.5723e-05,0.003296,358,4,-2.1451,0.99998,0.99998,1,20906,0,-2.1451
340,Ddx24,4,1.6152e-05,5.5723e-05,0.003296,359,4,-1.6496,0.99998,0.99998,1,20905,0,-1.6496
341,Sec13,4,1.6178e-05,5.5723e-05,0.003296,360,4,-2.4489,0.99998,0.99998,1,20904,0,-2.4489
342,Gmppb,4,1.6204e-05,5.6656e-05,0.003314,361,4,-2.7462,0.99998,0.99998,1,20903,0,-2.7462
343,Timm44,4,1.6217e-05,5.6656e-05,0.003314,362,4,-1.8912,0.99998,0.99998,1,20902,0,-1.8912
344,Cox8a,4,1.6242e-05,5.6656e-05,0.003314,363,4,-2.1397,0.99998,0.99998,1,20901,0,-2.1397
345,Nop14,4,1.6255e-05,5.6656e-05,0.003314,364,4,-2.3164,0.99998,0.99998,1,20900,0,-2.3164
346,Dhx37,4,1.6345e-05,5.7122e-05,0.003323,365,4,-3.0924,0.99998,0.99998,1,20898,0,-3.0924
347,Gemin5,4,1.6449e-05,5.7122e-05,0.003323,366,4,-2.417,0.99998,0.99998,1,20897,0,-2.417
348,Bysl,4,1.654e-05,5.7588e-05,0.003341,367,4,-2.2105,0.99998,0.99998,1,20896,0,-2.2105
349,Pak1ip1,4,1.6961e-05,5.8987e-05,0.003356,368,4,-1.6239,0.99998,0.99998,1,20895,0,-1.6239
350,Dhps,4,1.714e-05,5.992e-05,0.003356,369,3,-3.0899,0.99587,0.99589,1,19464,0,-3.0899
351,Bccip,4,1.7188e-05,5.992e-05,0.003356,370,4,-2.1752,0.99998,0.99998,1,20894,0,-2.1752
352,Cenpa,4,1.7486e-05,6.0386e-05,0.003356,371,4,-1.5025,0.99998,0.99998,1,20893,0,-1.5025
353,Hyou1,4,1.7581e-05,6.0386e-05,0.003356,372,4,-1.7485,0.99998,0.99998,1,20892,0,-1.7485
354,Pkm,4,1.7595e-05,6.0386e-05,0.003356,373,4,-1.7302,0.99998,0.99998,1,20891,0,-1.7302
355,Rtcb,4,1.7608e-05,6.0386e-05,0.003356,374,4,-1.9488,0.99998,0.99998,1,20890,0,-1.9488
356,Cct5,4,1.7773e-05,6.0852e-05,0.003356,375,4,-2.8185,0.99998,0.99998,1,20889,0,-2.8185
357,Psmd2,4,1.7787e-05,6.0852e-05,0.003356,376,4,-2.3099,0.99998,0.99998,1,20888,0,-2.3099
358,Cenpw,4,1.7814e-05,6.0852e-05,0.003356,377,4,-2.06,0.99998,0.99998,1,20887,0,-2.06
359,Csnk2b,4,1.7869e-05,6.0852e-05,0.003356,379,4,-1.9149,0.99998,0.99998,1,20885,0,-1.9149
360,Polr3a,4,1.7897e-05,6.0852e-05,0.003356,380,4,-3.4422,0.99998,0.99998,1,20884,0,-3.4422
361,Magoh,4,1.7952e-05,6.0852e-05,0.003356,381,4,-2.6074,0.99998,0.99998,1,20883,0,-2.6074
362,Sin3a,4,1.7966e-05,6.0852e-05,0.003356,382,4,-2.0396,0.99998,0.99998,1,20882,0,-2.0396
363,Snrpa1,4,1.8023e-05,6.0852e-05,0.003356,383,4,-2.4362,0.99978,0.99979,1,20261,0,-2.4362
364,Slc25a12,4,1.805e-05,6.0852e-05,0.003356,385,4,-2.1005,0.99998,0.99998,1,20880,0,-2.1005
365,Mrps34,4,1.8064e-05,6.0852e-05,0.003356,386,4,-2.063,0.99998,0.99998,1,20879,0,-2.063
366,Fnta,4,1.8274e-05,6.2718e-05,0.003441,387,4,-1.8584,0.99998,0.99998,1,20878,0,-1.8584
367,Ttc21b,4,1.8344e-05,6.2718e-05,0.003441,388,4,-1.7443,0.99998,0.99998,1,20877,0,-1.7443
368,Kars,4,1.84e-05,6.3184e-05,0.003458,389,4,-2.458,0.99998,0.99998,1,20876,0,-2.458
369,Fech,4,1.8649e-05,6.4117e-05,0.003489,391,4,-1.9311,0.99998,0.99998,1,20873,0,-1.9311
370,Tbcb,4,1.8894e-05,6.4583e-05,0.003489,392,4,-2.8917,0.99996,0.99996,1,20716,0,-2.8917
371,Mcm5,4,1.89e-05,6.4583e-05,0.003489,393,4,-2.4351,0.99998,0.99998,1,20872,0,-2.4351
372,Ndufa13,4,1.8972e-05,6.4583e-05,0.003489,394,4,-2.0922,0.99998,0.99998,1,20871,0,-2.0922
373,Aars2,4,1.9001e-05,6.5515e-05,0.003522,395,4,-1.627,0.99998,0.99998,1,20870,0,-1.627
374,Trmu,4,1.9292e-05,6.6914e-05,0.00357,397,4,-1.936,0.99998,0.99998,1,20868,0,-1.936
375,Dtymk,4,1.9616e-05,6.8313e-05,0.003599,399,4,-2.9214,0.99998,0.99998,1,20866,0,-2.9214
376,Rps4x,2,1.9632e-05,3.847e-05,0.002797,400,2,-3.9375,0.99998,0.99998,1,20865,0,-3.9375
377,Supt16,4,1.966e-05,6.8313e-05,0.003599,401,4,-2.0754,0.99998,0.99998,1,20864,0,-2.0754
378,Cstf3,4,1.9705e-05,6.8313e-05,0.003599,402,4,-2.4275,0.99998,0.99998,1,20863,0,-2.4275
379,Fxn,4,1.9735e-05,6.8313e-05,0.003599,403,4,-1.6638,0.99998,0.99998,1,20862,0,-1.6638
380,Dap3,4,1.975e-05,6.8313e-05,0.003599,404,4,-1.7394,0.99998,0.99998,1,20861,0,-1.7394
381,Etf1,4,1.9929e-05,6.878e-05,0.003615,405,4,-2.6162,0.99998,0.99998,1,20860,0,-2.6162
382,Dcaf13,4,1.9959e-05,6.9246e-05,0.00363,406,4,-2.0511,0.99998,0.99998,1,20859,0,-2.0511
383,Fuz,4,2.0246e-05,7.0178e-05,0.003661,407,4,-1.7774,0.99998,0.99998,1,20858,0,-1.7774
384,Men1,4,2.0322e-05,7.0645e-05,0.003667,408,4,-1.7752,0.99998,0.99998,1,20857,0,-1.7752
385,Ggps1,4,2.0413e-05,7.0645e-05,0.003667,409,4,-2.5743,0.99998,0.99998,1,20856,0,-2.5743
386,Rfc4,4,2.0505e-05,7.1111e-05,0.003683,410,4,-2.1777,0.99998,0.99998,1,20855,0,-2.1777
387,Polr1b,4,2.0782e-05,7.251e-05,0.003746,411,4,-3.0986,0.99998,0.99998,1,20854,0,-3.0986
388,Ppcs,4,2.0891e-05,7.3443e-05,0.003785,412,4,-2.5295,0.99998,0.99998,1,20853,0,-2.5295
389,Gpkow,4,2.1282e-05,7.4375e-05,0.003824,413,4,-2.2815,0.99998,0.99998,1,20852,0,-2.2815
390,Rpp25l,4,2.1432e-05,7.4841e-05,0.003838,414,4,-1.5537,0.99998,0.99998,1,20851,0,-1.5537
391,Isca2,4,2.1519e-05,7.5308e-05,0.003844,415,4,-1.9495,0.99998,0.99998,1,20850,0,-1.9495
392,Pgs1,4,2.1583e-05,7.5308e-05,0.003844,416,4,-1.32,0.99998,0.99998,1,20849,0,-1.32
393,Nsmce3,4,2.1823e-05,7.5774e-05,0.003849,418,4,-1.8261,0.99998,0.99998,1,20847,0,-1.8261
394,Rpe,4,2.2064e-05,7.7173e-05,0.003883,419,4,-1.7322,0.99998,0.99998,1,20846,0,-1.7322
395,Tfb1m,4,2.2097e-05,7.7173e-05,0.003883,420,4,-2.4303,0.99998,0.99998,1,20845,0,-2.4303
396,Prmt5,4,2.221e-05,7.7639e-05,0.003897,421,4,-1.9134,0.99998,0.99998,1,20844,0,-1.9134
397,Gtf2h4,4,2.2341e-05,7.8106e-05,0.003902,422,4,-1.8366,0.99998,0.99998,1,20843,0,-1.8366
398,Wdr74,4,2.2472e-05,7.8106e-05,0.003902,423,4,-2.8446,0.99998,0.99998,1,20842,0,-2.8446
399,Rpf2,4,2.2769e-05,7.9504e-05,0.003963,424,4,-1.918,0.99998,0.99998,1,20841,0,-1.918
400,Gm10269,3,2.2849e-05,7.0178e-05,0.003661,425,3,-3.6722,0.99998,0.99998,1,20840,0,-3.6722
401,Nampt,4,2.2902e-05,8.0437e-05,0.003981,426,4,-1.9426,0.99998,0.99998,1,20839,0,-1.9426
402,Metap1,4,2.2951e-05,8.0437e-05,0.003981,427,4,-2.3207,0.99998,0.99998,1,20838,0,-2.3207
403,Cdc73,4,2.3169e-05,8.1836e-05,0.00404,428,4,-2.3447,0.99998,0.99998,1,20837,0,-2.3447
404,Mrps25,4,2.3236e-05,8.2302e-05,0.00404,429,4,-2.3784,0.99998,0.99998,1,20836,0,-2.3784
405,Znhit2,4,2.3422e-05,8.2769e-05,0.00404,430,4,-2.5439,0.99998,0.99998,1,20835,0,-2.5439
406,Naa15,4,2.3456e-05,8.2769e-05,0.00404,431,4,-1.6604,0.99998,0.99998,1,20834,0,-1.6604
407,Ubl5,4,2.3472e-05,8.2769e-05,0.00404,432,3,-3.262,0.69689,0.69665,1,13667,1,-3.262
408,Fbxl5,4,2.349e-05,8.2769e-05,0.00404,433,4,-1.5415,0.99998,0.99998,1,20833,0,-1.5415
409,Gadd45gip1,4,2.3814e-05,8.3701e-05,0.004048,434,4,-1.5295,0.99998,0.99998,1,20832,0,-1.5295
410,Sf3b2,4,2.3831e-05,8.3701e-05,0.004048,435,4,-2.9261,0.99998,0.99998,1,20831,0,-2.9261
411,Nudcd3,4,2.3899e-05,8.3701e-05,0.004048,436,4,-1.7989,0.99998,0.99998,1,20830,0,-1.7989
412,Cdk12,4,2.3934e-05,8.4168e-05,0.004052,437,4,-1.9304,0.99998,0.99998,1,20829,0,-1.9304
413,Smarca5,4,2.4003e-05,8.4168e-05,0.004052,438,4,-1.9941,0.99998,0.99998,1,20828,0,-1.9941
414,Meaf6,4,2.4106e-05,8.4634e-05,0.004057,439,4,-1.9684,0.99998,0.99998,1,20827,0,-1.9684
415,Nxf1,4,2.4124e-05,8.4634e-05,0.004057,440,4,-2.3119,0.99998,0.99998,1,20826,0,-2.3119
416,H3c11,5,2.4453e-05,0.00010655,0.004617,441,5,-0.97121,0.99998,0.99998,1,20825,0,-0.97121
417,Nploc4,4,2.4472e-05,8.6033e-05,0.004114,442,4,-2.2768,0.99998,0.99998,1,20824,0,-2.2768
418,Snrnp40,4,2.4594e-05,8.7432e-05,0.004166,443,4,-2.0606,0.99998,0.99998,1,20823,0,-2.0606
419,Sf3b1,4,2.47e-05,8.7898e-05,0.004166,444,4,-2.5257,0.99998,0.99998,1,20822,0,-2.5257
420,Psmd6,4,2.4823e-05,8.7898e-05,0.004166,445,4,-1.6089,0.99998,0.99998,1,20821,0,-1.6089
421,Polr2h,3,2.4848e-05,7.6707e-05,0.003878,446,3,-3.0232,0.99998,0.99998,1,20820,0,-3.0232
422,Rfc5,4,2.4912e-05,8.7898e-05,0.004166,447,4,-2.5614,0.99998,0.99998,1,20819,0,-2.5614
423,Rps9,3,2.4918e-05,7.6707e-05,0.003878,448,3,-4.2296,0.99968,0.99968,1,20159,0,-4.2296
424,Dr1,4,2.5358e-05,8.8364e-05,0.004169,449,4,-1.4361,0.99997,0.99997,1,20818,0,-1.4361
425,Psmd3,4,2.5376e-05,8.8364e-05,0.004169,450,4,-2.0602,0.99997,0.99997,1,20817,0,-2.0602
426,Anapc2,4,2.5865e-05,8.9297e-05,0.004176,451,4,-2.1344,0.99997,0.99997,1,20816,0,-2.1344
427,Pmpcb,4,2.592e-05,8.9297e-05,0.004176,452,4,-2.9029,0.99997,0.99997,1,20815,0,-2.9029
428,Mrpl57,4,2.603e-05,8.9297e-05,0.004176,453,4,-2.4638,0.99997,0.99997,1,20814,0,-2.4638
429,Ppa2,4,2.6085e-05,8.9297e-05,0.004176,454,4,-1.4634,0.99997,0.99997,1,20813,0,-1.4634
430,Pfdn5,4,2.6305e-05,8.9763e-05,0.004189,455,4,-2.2441,0.99997,0.99997,1,20812,0,-2.2441
431,Iars2,4,2.6565e-05,9.0696e-05,0.004223,456,4,-1.7408,0.99997,0.99997,1,20811,0,-1.7408
432,Cd300ld3,6,2.6603e-05,0.00015365,0.005625,457,6,-1.5267,0.99997,0.99997,1,20810,0,-1.5267
433,Gm9761,2,2.6624e-05,5.2925e-05,0.003193,458,2,-3.0276,0.99997,0.99997,1,20809,0,-3.0276
434,Ext2,4,2.6733e-05,9.1628e-05,0.004248,459,4,-1.4962,0.99997,0.99997,1,20808,0,-1.4962
435,Mastl,4,2.6789e-05,9.2095e-05,0.004251,460,4,-1.7003,0.99997,0.99997,1,20807,0,-1.7003
436,Trnt1,4,2.6864e-05,9.2095e-05,0.004251,461,4,-1.6864,0.99997,0.99997,1,20806,0,-1.6864
437,Gm3226,2,2.6885e-05,5.3858e-05,0.00323,462,2,-4.4681,0.99997,0.99997,1,20805,0,-4.4681
438,Ndufa2,4,2.6995e-05,9.2561e-05,0.004263,463,4,-2.0923,0.99997,0.99997,1,20804,0,-2.0923
439,Psmb3,3,2.7062e-05,8.3235e-05,0.004048,464,3,-3.2545,0.99997,0.99998,1,20803,0,-3.2545
440,Twnk,4,2.7109e-05,9.3027e-05,0.004266,465,4,-1.8361,0.99997,0.99997,1,20802,0,-1.8361
441,Triap1,4,2.7146e-05,9.3027e-05,0.004266,466,4,-2.2075,0.99997,0.99997,1,20801,0,-2.2075
442,Mrps27,4,2.7317e-05,9.4426e-05,0.004312,467,4,-2.0684,0.99997,0.99997,1,20800,0,-2.0684
443,Tpt1,4,2.7336e-05,9.4426e-05,0.004312,468,4,-2.4769,0.99997,0.99997,1,20799,0,-2.4769
444,Nup155,4,2.7546e-05,9.5359e-05,0.004345,469,4,-2.6471,0.99997,0.99997,1,20798,0,-2.6471
445,Tkt,4,2.7579e-05,9.5825e-05,0.004348,470,4,-2.6342,0.99996,0.99996,1,20710,0,-2.6342
446,Tsr1,4,2.7651e-05,9.5825e-05,0.004348,471,4,-2.1879,0.99997,0.99997,1,20797,0,-2.1879
447,Elob,4,2.7742e-05,9.6291e-05,0.00435,472,4,-3.0045,0.99994,0.99994,1,20609,0,-3.0045
448,Cox15,4,2.7795e-05,9.6291e-05,0.00435,473,4,-1.7999,0.99997,0.99997,1,20796,0,-1.7999
449,Lsm2,4,2.793e-05,9.6758e-05,0.004353,474,4,-2.0544,0.99997,0.99997,1,20795,0,-2.0544
450,Uba1,4,2.796e-05,9.6758e-05,0.004353,475,4,-3.3904,0.99997,0.99997,1,20784,0,-3.3904
451,Cox6c,4,2.7988e-05,9.7224e-05,0.004355,476,4,-1.5257,0.99997,0.99997,1,20794,0,-1.5257
452,Prim2,4,2.8046e-05,9.7224e-05,0.004355,477,4,-2.1145,0.99997,0.99997,1,20793,0,-2.1145
453,Polr1d,4,2.8338e-05,9.8623e-05,0.004409,478,4,-1.7947,0.99997,0.99997,1,20792,0,-1.7947
454,Prpf3,4,2.8652e-05,0.00010049,0.004473,479,4,-1.7241,0.99997,0.99997,1,20791,0,-1.7241
455,Rack1,4,2.8869e-05,0.00010142,0.004505,480,4,-1.6565,0.99997,0.99997,1,20790,0,-1.6565
456,Tmem231,4,2.9117e-05,0.00010189,0.004507,481,4,-2.0445,0.99997,0.99997,1,20789,0,-2.0445
457,Stil,4,2.9147e-05,0.00010189,0.004507,482,4,-1.6623,0.99997,0.99997,1,20788,0,-1.6623
458,Hmbs,4,2.9247e-05,0.00010235,0.004509,483,4,-1.3015,0.99997,0.99997,1,20787,0,-1.3015
459,Pkmyt1,4,2.9568e-05,0.00010235,0.004509,484,4,-1.1632,0.99997,0.99997,1,20786,0,-1.1632
460,Ddx55,4,2.975e-05,0.00010282,0.004511,485,4,-2.3959,0.99997,0.99997,1,20785,0,-2.3959
461,Mepce,4,2.9912e-05,0.00010282,0.004511,486,4,-2.0905,0.99997,0.99997,1,20783,0,-2.0905
462,Mrpl36,4,3.0651e-05,0.00010515,0.004603,487,4,-1.8249,0.99997,0.99997,1,20781,0,-1.8249
463,Rbx1,4,3.0672e-05,0.00010562,0.004605,488,4,-1.9468,0.99997,0.99997,1,20780,0,-1.9468
464,Rhox3a,9,3.0756e-05,0.0002152,0.006851,489,7,-0.7728,0.99781,0.99779,1,19644,0,-0.7728
465,Ccnq,4,3.0859e-05,0.00010608,0.004616,490,4,-1.7116,0.99997,0.99997,1,20779,0,-1.7116
466,Atad3a,4,3.113e-05,0.00010655,0.004617,491,4,-2.0379,0.99997,0.99997,1,20778,0,-2.0379
467,Igbp1,4,3.1509e-05,0.00010842,0.004681,492,4,-2.253,0.99997,0.99997,1,20777,0,-2.253
468,Dad1,4,3.1615e-05,0.00010888,0.004681,493,4,-2.4278,0.99997,0.99997,1,20776,0,-2.4278
469,B3galt6,4,3.1743e-05,0.00010935,0.004681,494,4,-1.7653,0.99997,0.99997,1,20775,0,-1.7653
470,Ddx41,4,3.1785e-05,0.00010935,0.004681,495,4,-1.7569,0.99997,0.99997,1,20774,0,-1.7569
471,Clp1,4,3.1839e-05,0.00010935,0.004681,497,4,-3.0681,0.99996,0.99996,1,20724,0,-3.0681
472,Sox1,4,3.2084e-05,0.00011028,0.004702,498,4,-1.4958,0.99997,0.99997,1,20772,0,-1.4958
473,Vbp1,4,3.2106e-05,0.00011028,0.004702,499,4,-1.5971,0.99997,0.99997,1,20771,0,-1.5971
474,Gm10767,5,3.2139e-05,0.00014199,0.005363,500,5,-1.2292,0.99997,0.99997,1,20770,0,-1.2292
475,Kmt2b,4,3.2213e-05,0.00011075,0.004712,501,4,-1.9573,0.99997,0.99997,1,20769,0,-1.9573
476,Spout1,4,3.2321e-05,0.00011121,0.004713,502,4,-2.1395,0.99997,0.99997,1,20768,0,-2.1395
477,Sox5,4,3.2558e-05,0.00011215,0.004743,503,4,-1.6643,0.99997,0.99997,1,20767,0,-1.6643
478,Rnf40,4,3.2667e-05,0.00011261,0.004754,504,4,-2.1373,0.99997,0.99997,1,20766,0,-2.1373
479,BC052040,4,3.2754e-05,0.00011308,0.004756,505,4,-1.7419,0.99997,0.99997,1,20765,0,-1.7419
480,Cars,4,3.2928e-05,0.00011354,0.004756,506,4,-3.13,0.99997,0.99997,1,20764,0,-3.13
481,Smc2,4,3.3147e-05,0.00011401,0.004756,507,4,-1.5266,0.99997,0.99997,1,20763,0,-1.5266
482,Telo2,4,3.3191e-05,0.00011401,0.004756,508,4,-1.7739,0.99997,0.99997,1,20762,0,-1.7739
483,Haus5,4,3.3235e-05,0.00011401,0.004756,509,4,-1.9808,0.99997,0.99997,1,20761,0,-1.9808
484,Sod2,4,3.3301e-05,0.00011401,0.004756,510,4,-1.2055,0.99997,0.99997,1,20760,0,-1.2055
485,Lias,4,3.3622e-05,0.00011588,0.004787,511,4,-1.4714,0.99997,0.99997,1,20758,0,-1.4714
486,Polr3f,4,3.3622e-05,0.00011588,0.004787,512,4,-1.6406,0.99997,0.99997,1,20759,0,-1.6406
487,Vhl,4,3.3767e-05,0.00011588,0.004787,513,4,-1.5908,0.99997,0.99997,1,20757,0,-1.5908
488,Trappc4,4,3.4012e-05,0.00011727,0.004826,514,4,-2.2762,0.99997,0.99997,1,20756,0,-2.2762
489,Hgs,4,3.4102e-05,0.00011774,0.004836,515,4,-2.5068,0.99997,0.99997,1,20755,0,-2.5068
490,Get4,4,3.4395e-05,0.00011821,0.004845,516,4,-1.7522,0.99997,0.99997,1,20754,0,-1.7522
491,Rps10,4,3.4473e-05,0.00011867,0.004846,517,4,-2.5829,0.99991,0.99992,1,20524,0,-2.5829
492,Prkra,4,3.453e-05,0.00011867,0.004846,518,4,-1.7918,0.99997,0.99997,1,20753,0,-1.7918
493,Atp6v1g1,4,3.4621e-05,0.00011914,0.004846,519,4,-1.5513,0.99997,0.99997,1,20752,0,-1.5513
494,Nup43,4,3.4656e-05,0.00011914,0.004846,520,4,-1.8349,0.99982,0.99983,1,20310,0,-1.8349
495,Cdca8,4,3.4666e-05,0.00011961,0.004847,521,4,-1.5649,0.99997,0.99997,1,20751,0,-1.5649
496,Wdr19,4,3.4712e-05,0.00011961,0.004847,522,4,-1.7957,0.99997,0.99997,1,20750,0,-1.7957
497,Eif2b5,4,3.4845e-05,0.00012007,0.004847,523,4,-3.1016,0.99987,0.99988,1,20409,0,-3.1016
498,Slu7,4,3.4848e-05,0.00012007,0.004847,524,4,-2.3452,0.99997,0.99997,1,20749,0,-2.3452
499,Nsf,4,3.4963e-05,0.00012101,0.004875,525,4,-1.9687,0.99997,0.99996,1,20748,0,-1.9687
500,Ncapd2,4,3.5146e-05,0.00012147,0.004885,526,4,-1.2848,0.99996,0.99996,1,20747,0,-1.2848
501,Dnm1l,4,3.5284e-05,0.00012194,0.004894,527,4,-1.3062,0.99996,0.99996,1,20746,0,-1.3062
502,Rpl5,3,3.5412e-05,0.00011121,0.004713,528,3,-3.1231,0.99996,0.99997,1,20745,0,-3.1231
503,Gtf2h3,4,3.5422e-05,0.0001224,0.004895,529,4,-1.834,0.99996,0.99996,1,20744,0,-1.834
504,Eif3a,4,3.5468e-05,0.0001224,0.004895,530,4,-2.3447,0.99996,0.99996,1,20743,0,-2.3447
505,Gtpbp4,4,3.5491e-05,0.00012287,0.004904,531,4,-2.3155,0.99996,0.99996,1,20742,0,-2.3155
506,Rplp2,4,3.5654e-05,0.00012334,0.004913,532,4,-3.2458,0.99996,0.99996,1,20741,0,-3.2458
507,Ppcdc,4,3.57e-05,0.0001238,0.004923,533,4,-1.6319,0.99996,0.99996,1,20740,0,-1.6319
508,Pole2,4,3.5866e-05,0.00012427,0.004923,534,3,-2.391,0.81433,0.81404,1,15746,0,-2.391
509,Dctn5,4,3.5886e-05,0.00012427,0.004923,535,4,-2.0313,0.99996,0.99996,1,20739,0,-2.0313
510,Gnl2,4,3.5979e-05,0.00012474,0.004932,536,4,-2.3019,0.99996,0.99996,1,20738,0,-2.3019
511,Sfpq,7,3.6135e-05,0.00023572,0.007317,537,5,-2.3656,0.91171,0.91145,1,17471,0,-2.3656
512,Rps13,3,3.6232e-05,0.00011494,0.004785,538,3,-2.7851,0.99996,0.99997,1,20737,0,-2.7851
513,Lsg1,4,3.6378e-05,0.00012613,0.004969,539,4,-1.3803,0.99996,0.99996,1,20736,0,-1.3803
514,Trmt6,4,3.6402e-05,0.00012613,0.004969,540,4,-1.9813,0.99996,0.99996,1,20735,0,-1.9813
515,Pdcd7,4,3.6685e-05,0.00012707,0.004996,541,4,-2.5753,0.99996,0.99996,1,20734,0,-2.5753
516,Dync2h1,4,3.6792e-05,0.00012753,0.005005,542,4,-1.7651,0.99996,0.99996,1,20733,0,-1.7651
517,Rps28,3,3.6854e-05,0.00011588,0.004787,543,3,-2.2334,0.99996,0.99997,1,20732,0,-2.2334
518,Mup-ps18,5,3.69e-05,0.00016624,0.005805,544,5,-2.3798,0.99996,0.99997,1,20731,0,-2.3798
519,Gm10774,3,3.698e-05,0.00011634,0.004797,545,3,-3.3149,0.99996,0.99997,1,20730,0,-3.3149
520,Mrpl12,4,3.6994e-05,0.000128,0.005005,546,4,-2.0147,0.99996,0.99996,1,20729,0,-2.0147
521,Hspb11,4,3.7042e-05,0.000128,0.005005,547,4,-1.6376,0.99996,0.99996,1,20728,0,-1.6376
522,Ndufb6,4,3.7162e-05,0.00012847,0.005005,548,4,-1.5795,0.99996,0.99996,1,20727,0,-1.5795
523,Cdk9,4,3.7209e-05,0.00012847,0.005005,549,4,-3.2191,0.99996,0.99996,1,20726,0,-3.2191
524,Nop58,4,3.7281e-05,0.00012893,0.005014,550,4,-2.0367,0.99996,0.99996,1,20725,0,-2.0367
525,Espl1,4,3.7667e-05,0.00013033,0.005032,552,4,-2.9475,0.99996,0.99996,1,20722,0,-2.9475
526,Mrpl15,4,3.7691e-05,0.00013033,0.005032,553,4,-1.7667,0.99996,0.99996,1,20721,0,-1.7667
527,Haus7,4,3.7982e-05,0.00013126,0.005058,554,4,-2.1379,0.99996,0.99996,1,20720,0,-2.1379
528,Copa,4,3.8422e-05,0.0001336,0.00513,555,4,-2.76,0.99996,0.99996,1,20719,0,-2.76
529,H4c8,4,3.8572e-05,0.0001336,0.00513,556,4,-2.1905,0.99892,0.99891,1,19841,0,-2.1905
530,Atp5b,4,3.8594e-05,0.00013406,0.005138,557,4,-1.6385,0.99996,0.99996,1,20718,0,-1.6385
531,D830030K20Rik,8,3.8729e-05,0.00024271,0.007462,558,6,-1.5711,0.95745,0.95769,1,18344,0,-1.5711
532,Gm11353,2,3.8949e-05,8.0437e-05,0.003981,559,2,-4.5805,0.99996,0.99996,1,20717,0,-4.5805
533,Rtf2,4,3.9488e-05,0.00013733,0.005226,560,4,-1.875,0.99996,0.99996,1,20715,0,-1.875
534,Ipo7,4,3.9588e-05,0.00013733,0.005226,561,4,-2.0167,0.99996,0.99996,1,20714,0,-2.0167
535,Plrg1,4,4.0143e-05,0.00013919,0.005278,562,4,-2.2531,0.99996,0.99996,1,20713,0,-2.2531
536,Tubg1,4,4.0194e-05,0.00013919,0.005278,563,4,-2.1504,0.99996,0.99996,1,20712,0,-2.1504
537,Mrps15,4,4.0244e-05,0.00013966,0.005286,564,4,-1.8007,0.99996,0.99996,1,20711,0,-1.8007
538,Slc35b1,4,4.1141e-05,0.00014246,0.005363,565,4,-1.7902,0.99996,0.99996,1,20709,0,-1.7902
539,Higd2a,4,4.127e-05,0.00014246,0.005363,566,4,-1.7487,0.99996,0.99996,1,20708,0,-1.7487
540,Prim1,4,4.1296e-05,0.00014292,0.005371,567,4,-1.9611,0.99996,0.99996,1,20707,0,-1.9611
541,Gm16367,8,4.139e-05,0.00026369,0.007831,568,7,-0.88765,0.99736,0.99735,1,19585,0,-0.88765
542,Sgo1,4,4.14e-05,0.00014385,0.005397,569,4,-1.7891,0.99996,0.99996,1,20706,0,-1.7891
543,Gm6457,3,4.1506e-05,0.00012987,0.005032,570,3,-3.4251,0.99996,0.99996,1,20705,0,-3.4251
544,Chmp4b,4,4.1556e-05,0.00014525,0.00543,571,4,-2.4074,0.99996,0.99996,1,20704,0,-2.4074
545,Cenph,4,4.1634e-05,0.00014525,0.00543,572,4,-1.4422,0.99996,0.99996,1,20703,0,-1.4422
546,Rpp38,4,4.1817e-05,0.00014619,0.005446,573,4,-2.5512,0.99996,0.99996,1,20702,0,-2.5512
547,Snf8,4,4.1843e-05,0.00014619,0.005446,574,4,-2.4677,0.99996,0.99996,1,20701,0,-2.4677
548,Mettl17,4,4.2368e-05,0.00014945,0.005557,575,4,-1.7103,0.99996,0.99996,1,20700,0,-1.7103
549,Hjurp,4,4.258e-05,0.00014992,0.005565,576,4,-1.4672,0.99996,0.99996,1,20699,0,-1.4672
550,Mybbp1a,4,4.2819e-05,0.00015131,0.005605,577,4,-1.8732,0.99996,0.99996,1,20698,0,-1.8732
551,Supt6,4,4.3032e-05,0.00015178,0.005605,578,4,-3.1678,0.99996,0.99996,1,20697,0,-3.1678
552,Rbm17,4,4.3086e-05,0.00015178,0.005605,579,4,-1.8731,0.99996,0.99996,1,20696,0,-1.8731
553,H4c14,5,4.3163e-05,0.00019608,0.006415,580,5,-1.6139,0.99996,0.99996,1,20695,0,-1.6139
554,Nfu1,4,4.322e-05,0.00015271,0.005617,581,4,-1.5427,0.99996,0.99996,1,20694,0,-1.5427
555,Dnajc19,4,4.3461e-05,0.00015318,0.005617,582,4,-1.9405,0.99996,0.99996,1,20693,0,-1.9405
556,Gli2,4,4.3677e-05,0.00015318,0.005617,583,4,-2.1979,0.99996,0.99996,1,20692,0,-2.1979
557,Rnaset2a,8,4.3768e-05,0.00028141,0.008119,584,7,-0.64025,0.99933,0.99932,1,19957,0,-0.64025
558,Tbca,3,4.4042e-05,0.00013733,0.005226,586,3,-2.5462,0.99996,0.99996,1,20690,0,-2.5462
559,Mcm3,4,4.4084e-05,0.00015551,0.005659,587,4,-2.3007,0.99996,0.99996,1,20689,0,-2.3007
560,Dcaf7,4,4.4329e-05,0.00015644,0.005659,588,4,-1.573,0.99996,0.99996,1,20688,0,-1.573
561,H2ac11,4,4.4548e-05,0.00015644,0.005659,589,4,-1.2612,0.99996,0.99995,1,20687,0,-1.2612
562,Rpgrip1l,4,4.4823e-05,0.00015691,0.005659,590,4,-1.4275,0.99996,0.99995,1,20686,0,-1.4275
563,Bbs7,4,4.4878e-05,0.00015738,0.005659,591,4,-1.475,0.99996,0.99995,1,20685,0,-1.475
564,Ndufc2,4,4.4988e-05,0.00015738,0.005659,592,4,-1.613,0.99996,0.99995,1,20684,0,-1.613
565,Ubr4,4,4.5237e-05,0.00015784,0.005659,593,4,-2.0951,0.99995,0.99995,1,20683,0,-2.0951
566,Rbbp6,4,4.5265e-05,0.00015784,0.005659,594,4,-2.7893,0.99995,0.99995,1,20682,0,-2.7893
567,Prpf40a,4,4.5515e-05,0.00015784,0.005659,596,4,-1.2718,0.99995,0.99995,1,20680,0,-1.2718
568,Ciao2b,4,4.5599e-05,0.00015831,0.005659,597,4,-1.7574,0.99995,0.99995,1,20679,0,-1.7574
569,Hnrnpu,4,4.5711e-05,0.00015831,0.005659,598,4,-2.0436,0.99995,0.99995,1,20678,0,-2.0436
570,Ftsj3,4,4.5935e-05,0.00015831,0.005659,599,4,-1.9621,0.99995,0.99995,1,20677,0,-1.9621
571,Pabpc1,4,4.6019e-05,0.00015878,0.005666,600,4,-1.8245,0.99995,0.99995,1,20676,0,-1.8245
572,Eif3c,4,4.63e-05,0.00015924,0.005673,601,4,-1.5329,0.99995,0.99995,1,20675,0,-1.5329
573,Snrpd3,4,4.6417e-05,0.00015971,0.00568,602,4,-2.9499,0.99982,0.99983,1,20312,0,-2.9499
574,Sart3,4,4.6839e-05,0.00016157,0.005737,603,4,-1.7439,0.99995,0.99995,1,20674,0,-1.7439
575,Anapc1,4,4.6982e-05,0.00016251,0.00576,604,4,-1.9598,0.99995,0.99995,1,20673,0,-1.9598
576,Gm10338,9,4.7204e-05,0.00033131,0.008996,606,6,-1.3724,0.99988,0.99988,1,20410,0,-1.3724
577,Zmat5,4,4.7296e-05,0.00016437,0.005782,607,4,-2.0303,0.99995,0.99995,1,20672,0,-2.0303
578,Grb2,4,4.7417e-05,0.00016484,0.005782,608,4,-2.8616,0.99983,0.99984,1,20328,0,-2.8616
579,Cycs,4,4.744e-05,0.00016484,0.005782,609,4,-1.9733,0.99995,0.99995,1,20671,0,-1.9733
580,Iba57,4,4.7468e-05,0.00016484,0.005782,610,4,-1.448,0.99995,0.99995,1,20670,0,-1.448
581,Tctn1,4,4.7555e-05,0.00016484,0.005782,611,4,-1.3058,0.99995,0.99995,1,20669,0,-1.3058
582,Lamtor4,4,4.7699e-05,0.0001653,0.005782,612,4,-1.0037,0.99995,0.99995,1,20668,0,-1.0037
583,Supv3l1,4,4.7814e-05,0.0001653,0.005782,613,4,-2.1937,0.99995,0.99995,1,20667,0,-2.1937
584,Pyroxd1,4,4.825e-05,0.0001667,0.005812,614,4,-1.2678,0.99995,0.99995,1,20666,0,-1.2678
585,Slc3a2,4,4.9424e-05,0.0001723,0.005988,616,4,-1.7877,0.99995,0.99995,1,20664,0,-1.7877
586,Dolk,4,4.9454e-05,0.00017276,0.005994,617,4,-1.6671,0.99995,0.99995,1,20663,0,-1.6671
587,Ruvbl1,4,4.9861e-05,0.00017323,0.006,618,4,-2.5224,0.99981,0.99982,1,20301,0,-2.5224
588,B9d2,4,5.056e-05,0.0001765,0.006034,620,4,-1.9739,0.99995,0.99995,1,20662,0,-1.9739
589,Efl1,4,5.0651e-05,0.0001765,0.006034,621,4,-1.2011,0.99995,0.99995,1,20661,0,-1.2011
590,Skp2,4,5.0667e-05,0.0001765,0.006034,622,3,-2.2135,0.98513,0.98513,1,18984,0,-2.2135
591,Letm1,4,5.0711e-05,0.0001765,0.006034,623,4,-1.3556,0.99995,0.99995,1,20660,0,-1.3556
592,Cox6b1,4,5.0802e-05,0.00017696,0.006034,624,4,-2.0183,0.99995,0.99995,1,20659,0,-2.0183
593,Ppan,4,5.0829e-05,0.00017696,0.006034,625,4,-2.6769,0.99973,0.99973,1,20203,0,-2.6769
594,Bbs4,4,5.0832e-05,0.00017696,0.006034,626,4,-1.2893,0.99995,0.99995,1,20658,0,-1.2893
595,Tardbp,4,5.1044e-05,0.00017789,0.006034,627,4,-1.3859,0.99995,0.99995,1,20657,0,-1.3859
596,Htatsf1,4,5.1046e-05,0.00017789,0.006034,628,3,-1.6848,0.9589,0.95883,1,18376,0,-1.6848
597,Sf1,4,5.1073e-05,0.00017789,0.006034,629,3,-2.9272,0.99604,0.99605,1,19478,0,-2.9272
598,Trappc11,4,5.1075e-05,0.00017789,0.006034,630,4,-1.8595,0.99995,0.99995,1,20656,0,-1.8595
599,Lars2,4,5.1501e-05,0.00018069,0.006109,631,4,-1.7291,0.99995,0.99995,1,20655,0,-1.7291
600,Trrap,4,5.1532e-05,0.00018069,0.006109,632,4,-1.681,0.99995,0.99995,1,20654,0,-1.681
601,Gm3563,8,5.1898e-05,0.00032804,0.008918,633,6,-1.2371,0.99783,0.99782,1,19651,0,-1.2371
602,Copb2,4,5.2085e-05,0.00018209,0.006147,634,4,-2.6105,0.99995,0.99995,1,20653,0,-2.6105
603,Gbf1,4,5.2221e-05,0.00018256,0.006153,635,4,-2.3206,0.99983,0.99984,1,20333,0,-2.3206
604,Tbc1d32,4,5.2363e-05,0.00018302,0.006159,636,4,-1.2846,0.99995,0.99995,1,20652,0,-1.2846
605,Dnmt1,4,5.2922e-05,0.00018396,0.00618,637,4,-2.3762,0.99995,0.99995,1,20651,0,-2.3762
606,Rabl2,4,5.3141e-05,0.00018629,0.006225,638,4,-2.1018,0.99995,0.99995,1,20650,0,-2.1018
607,Uqcrfs1,4,5.3203e-05,0.00018629,0.006225,639,4,-1.3436,0.99995,0.99995,1,20649,0,-1.3436
608,Gm9385,4,5.3386e-05,0.00018675,0.006225,640,3,-2.9664,0.99536,0.99536,1,19426,0,-2.9664
609,Eral1,4,5.3549e-05,0.00018722,0.006231,641,4,-1.9817,0.99995,0.99995,1,20648,0,-1.9817
610,Mrpl38,4,5.3832e-05,0.00018769,0.006237,642,4,-1.84,0.99995,0.99995,1,20647,0,-1.84
611,Knl1,4,5.4117e-05,0.00018862,0.006244,643,4,-1.3089,0.99995,0.99995,1,20646,0,-1.3089
612,Rgp1,4,5.4244e-05,0.00018909,0.006244,644,4,-1.2362,0.99995,0.99995,1,20645,0,-1.2362
613,Tnpo3,4,5.4499e-05,0.00018955,0.00625,645,4,-1.5521,0.99995,0.99995,1,20644,0,-1.5521
614,Qars,4,5.4691e-05,0.00019095,0.006286,646,4,-2.572,0.99995,0.99995,1,20643,0,-2.572
615,Tsfm,4,5.4979e-05,0.00019328,0.006353,647,4,-2.0886,0.99995,0.99995,1,20642,0,-2.0886
616,Ndufb8,4,5.5108e-05,0.00019375,0.006358,648,4,-1.7424,0.99994,0.99995,1,20641,0,-1.7424
617,Gpn1,4,5.5786e-05,0.00019561,0.00641,649,4,-2.4997,0.99994,0.99995,1,20640,0,-2.4997
618,Sars,4,5.6242e-05,0.00019655,0.00642,650,4,-3.234,0.99994,0.99995,1,20639,0,-3.234
619,Ciao1,4,5.6307e-05,0.00019748,0.006441,651,4,-1.8954,0.99994,0.99995,1,20638,0,-1.8954
620,Id2,4,5.6536e-05,0.00020028,0.006502,652,4,-1.6922,0.99994,0.99995,1,20637,0,-1.6922
621,Srrd,4,5.6569e-05,0.00020028,0.006502,653,4,-1.3249,0.99994,0.99995,1,20636,0,-1.3249
622,Ndufaf1,4,5.6667e-05,0.00020074,0.006507,654,4,-1.9157,0.99994,0.99995,1,20635,0,-1.9157
623,Gm20747,7,5.7389e-05,0.00036115,0.009444,655,5,-0.94853,0.23636,0.41958,1,7316,2,-0.94853
624,Med27,4,5.7393e-05,0.00020354,0.006588,656,4,-1.6972,0.99994,0.99995,1,20634,0,-1.6972
625,Ranbp2,4,5.816e-05,0.00020587,0.006653,657,4,-1.8599,0.99994,0.99994,1,20633,0,-1.8599
626,Dbf4,4,5.8327e-05,0.00020634,0.006658,658,4,-1.8159,0.99994,0.99994,1,20632,0,-1.8159
627,Wdr60,4,5.8697e-05,0.0002082,0.006708,659,4,-1.6399,0.99994,0.99994,1,20631,0,-1.6399
628,Nubp2,4,5.9035e-05,0.0002096,0.006743,660,4,-1.8955,0.99994,0.99994,1,20630,0,-1.8955
629,Rbm19,4,5.9443e-05,0.00021147,0.006767,661,4,-2.2129,0.99994,0.99994,1,20629,0,-2.2129
630,Timeless,4,5.9477e-05,0.00021147,0.006767,662,4,-1.8427,0.99994,0.99994,1,20628,0,-1.8427
631,Rfc2,4,5.9784e-05,0.00021193,0.006767,663,4,-2.5085,0.99994,0.99994,1,20627,0,-2.5085
632,Mrpl45,4,5.9852e-05,0.00021193,0.006767,664,4,-1.4073,0.99994,0.99994,1,20626,0,-1.4073
633,Orc6,4,5.9886e-05,0.00021193,0.006767,665,4,-3.7316,0.99994,0.99994,1,20625,0,-3.7316
634,Ift88,4,6.0195e-05,0.00021473,0.006846,666,4,-1.8068,0.99994,0.99994,1,20624,0,-1.8068
635,Vars,4,6.0885e-05,0.0002194,0.006974,667,4,-2.0376,0.99994,0.99994,1,20623,0,-2.0376
636,Pno1,4,6.1024e-05,0.00021986,0.006978,668,4,-1.9075,0.99994,0.99994,1,20622,0,-1.9075
637,Ercc3,4,6.1232e-05,0.00022079,0.006997,669,4,-2.228,0.99994,0.99994,1,20621,0,-2.228
638,Rpl7,3,6.1573e-05,0.00018675,0.006225,670,3,-4.0459,0.99994,0.99994,1,20620,0,-4.0459
639,C330007P06Rik,4,6.1686e-05,0.00022359,0.007075,671,4,-1.3047,0.99994,0.99994,1,20619,0,-1.3047
640,Coa6,4,6.2072e-05,0.00022732,0.007172,672,4,-2.1295,0.99994,0.99994,1,20618,0,-2.1295
641,Psmc2,4,6.2142e-05,0.00022779,0.007176,673,4,-2.5837,0.99994,0.99994,1,20617,0,-2.5837
642,Dhx16,4,6.2283e-05,0.00022825,0.00718,674,4,-1.8443,0.99994,0.99994,1,20616,0,-1.8443
643,Phb,3,6.2341e-05,0.00018909,0.006244,675,3,-2.8252,0.99994,0.99994,1,20615,0,-2.8252
644,Ndufs7,4,6.2778e-05,0.00023012,0.0072,676,4,-1.2535,0.99994,0.99994,1,20614,0,-1.2535
645,Rrp9,4,6.3098e-05,0.00023012,0.0072,677,4,-2.2015,0.99994,0.99994,1,20613,0,-2.2015
646,Pabpn1,4,6.3241e-05,0.00023059,0.0072,678,4,-2.8603,0.99923,0.99923,1,19923,0,-2.8603
647,Mrpl55,4,6.349e-05,0.00023059,0.0072,679,4,-1.7222,0.99994,0.99994,1,20612,0,-1.7222
648,Dctn4,4,6.3562e-05,0.00023059,0.0072,680,4,-1.456,0.99994,0.99994,1,20611,0,-1.456
649,Noc3l,4,6.3669e-05,0.00023105,0.007204,681,4,-1.8193,0.99994,0.99994,1,20610,0,-1.8193
650,Mrpl43,4,6.4563e-05,0.00023572,0.007317,683,3,-2.208,0.99254,0.99253,1,19264,0,-2.208
651,Alg2,4,6.4624e-05,0.00023618,0.007321,684,4,-2.6526,0.99994,0.99994,1,20607,0,-2.6526
652,Got2,4,6.5334e-05,0.00024084,0.007444,685,4,-2.1519,0.99993,0.99994,1,20606,0,-2.1519
653,Med7,4,6.5407e-05,0.00024084,0.007444,686,4,-1.6892,0.99993,0.99994,1,20605,0,-1.6892
654,Zfp407,4,6.5847e-05,0.00024271,0.007462,687,4,-1.1366,0.99993,0.99994,1,20604,0,-1.1366
655,Mrps2,4,6.5884e-05,0.00024271,0.007462,688,4,-2.3414,0.99993,0.99994,1,20603,0,-2.3414
656,Tctn3,4,6.5921e-05,0.00024318,0.007462,689,4,-1.7444,0.99993,0.99994,1,20602,0,-1.7444
657,Orc1,4,6.5952e-05,0.00024318,0.007462,690,3,-2.4752,0.98608,0.98607,1,19016,0,-2.4752
658,Ddx54,4,6.7143e-05,0.00024784,0.007571,691,4,-2.7636,0.99993,0.99994,1,20601,0,-2.7636
659,Nop53,4,6.7367e-05,0.00024877,0.007571,692,4,-1.6383,0.99993,0.99994,1,20600,0,-1.6383
660,Chek1,4,6.7442e-05,0.00024877,0.007571,693,4,-2.7032,0.99993,0.99994,1,20599,0,-2.7032
661,Arpc4,4,6.7479e-05,0.00024877,0.007571,694,4,-1.4418,0.99993,0.99994,1,20598,0,-1.4418
662,Ankrd52,4,6.7629e-05,0.00024924,0.007571,695,4,-1.3468,0.99993,0.99994,1,20597,0,-1.3468
663,Ndufb7,4,6.7779e-05,0.00024924,0.007571,696,4,-1.4488,0.99993,0.99994,1,20596,0,-1.4488
664,Eif2b4,4,6.7854e-05,0.00024924,0.007571,697,4,-2.3712,0.99993,0.99994,1,20595,0,-2.3712
665,Rcc1l,4,6.8118e-05,0.00025017,0.007578,698,4,-1.3356,0.99993,0.99994,1,20594,0,-1.3356
666,Pdxk,4,6.8193e-05,0.00025017,0.007578,699,4,-1.5516,0.99993,0.99994,1,20593,0,-1.5516
667,Pmpca,4,6.8269e-05,0.00025064,0.007581,700,4,-2.3621,0.99993,0.99993,1,20592,0,-2.3621
668,Pold1,4,6.8344e-05,0.0002511,0.007584,701,4,-2.8841,0.99993,0.99993,1,20591,0,-2.8841
669,Nat10,4,6.8571e-05,0.0002525,0.007616,702,4,-3.0466,0.99993,0.99993,1,20590,0,-3.0466
670,Psmb2,4,6.9037e-05,0.00025437,0.007661,703,4,-2.8332,0.99777,0.99778,1,19632,0,-2.8332
671,Eef1g,4,6.9256e-05,0.0002553,0.007678,704,4,-2.8356,0.99993,0.99993,1,20588,0,-2.8356
672,Alad,4,6.9753e-05,0.00025717,0.007719,705,4,-1.1318,0.99993,0.99993,1,20587,0,-1.1318
673,Bop1,4,6.983e-05,0.00025763,0.007719,706,4,-2.2697,0.99993,0.99993,1,20586,0,-2.2697
674,Cep104,4,6.9869e-05,0.0002581,0.007719,707,4,-1.7302,0.99993,0.99993,1,20585,0,-1.7302
675,Ext1,4,7.0022e-05,0.0002581,0.007719,708,4,-2.3142,0.99993,0.99993,1,20584,0,-2.3142
676,Ilf2,4,7.0061e-05,0.00025856,0.007722,709,4,-1.5038,0.99993,0.99993,1,20583,0,-1.5038
677,Dlst,4,7.0254e-05,0.00025903,0.007725,710,4,-1.5413,0.99993,0.99993,1,20582,0,-1.5413
678,Fip1l1,4,7.0369e-05,0.0002595,0.007728,711,4,-2.1292,0.99993,0.99993,1,20581,0,-2.1292
679,Ddx5,4,7.1614e-05,0.00026463,0.007848,712,4,-1.3292,0.99993,0.99993,1,20580,0,-1.3292
680,Cog2,4,7.1849e-05,0.00026556,0.007853,713,4,-1.9549,0.99993,0.99993,1,20579,0,-1.9549
681,Phax,4,7.1927e-05,0.00026556,0.007853,714,4,-1.8298,0.99993,0.99993,1,20578,0,-1.8298
682,Rad21,4,7.2124e-05,0.00026603,0.007856,715,4,-1.2272,0.99993,0.99993,1,20577,0,-1.2272
683,Actr10,4,7.2163e-05,0.00026649,0.007859,716,4,-1.3883,0.99993,0.99993,1,20576,0,-1.3883
684,1700091H14Rik,2,7.2522e-05,0.00015225,0.005612,717,2,-3.5316,0.99993,0.99992,1,20575,0,-3.5316
685,Glrx5,4,7.2875e-05,0.00026789,0.007889,718,4,-1.8959,0.99993,0.99993,1,20574,0,-1.8959
686,Rbbp4,4,7.3153e-05,0.00026882,0.007906,719,4,-1.5577,0.99993,0.99993,1,20573,0,-1.5577
687,Mrto4,4,7.3312e-05,0.00026976,0.007922,720,4,-1.5892,0.99993,0.99993,1,20572,0,-1.5892
688,Bora,4,7.4031e-05,0.00027302,0.007996,721,4,-2.0469,0.99993,0.99993,1,20571,0,-2.0469
689,Cd2bp2,4,7.4272e-05,0.00027442,0.008026,722,4,-1.3719,0.99993,0.99993,1,20570,0,-1.3719
690,Mtg2,4,7.4676e-05,0.00027722,0.008077,723,4,-1.402,0.99993,0.99993,1,20569,0,-1.402
691,Gfer,4,7.4716e-05,0.00027768,0.008077,724,4,-1.3663,0.99993,0.99993,1,20568,0,-1.3663
692,Cfap20,4,7.4756e-05,0.00027768,0.008077,725,4,-1.9192,0.99993,0.99993,1,20567,0,-1.9192
693,Ints3,4,7.4878e-05,0.00027862,0.008093,726,4,-1.6186,0.99993,0.99993,1,20566,0,-1.6186
694,Mrpl41,4,7.4959e-05,0.00027908,0.008095,727,4,-2.3449,0.99993,0.99993,1,20565,0,-2.3449
695,Mrps23,4,7.5202e-05,0.00028048,0.008103,728,4,-1.5219,0.99992,0.99993,1,20564,0,-1.5219
696,Gli1,4,7.5283e-05,0.00028048,0.008103,729,4,-1.3662,0.99992,0.99993,1,20563,0,-1.3662
697,H2bc3,4,7.5416e-05,0.00028235,0.008134,730,2,-1.0565,0.56846,0.58774,1,11652,1,-1.0565
698,Polr1a,4,7.5446e-05,0.00028281,0.008137,731,4,-1.6434,0.99992,0.99993,1,20562,0,-1.6434
699,Psmc1,4,7.6881e-05,0.00028934,0.008313,732,4,-2.602,0.99992,0.99993,1,20561,0,-2.602
700,Esco2,4,7.7005e-05,0.00028981,0.008315,733,4,-1.4889,0.99992,0.99993,1,20560,0,-1.4889
701,Sap130,4,7.7834e-05,0.00029447,0.008438,734,4,-2.0282,0.99992,0.99993,1,20559,0,-2.0282
702,Stag2,4,7.8189e-05,0.0002954,0.008453,735,4,-1.2478,0.99992,0.99993,1,20558,0,-1.2478
703,Mms22l,4,7.8252e-05,0.00029587,0.008455,736,4,-1.3264,0.99992,0.99993,1,20557,0,-1.3264
704,Heatr3,4,7.8755e-05,0.0002982,0.00851,737,4,-1.5507,0.99992,0.99992,1,20556,0,-1.5507
705,Mrps35,4,7.8839e-05,0.00029867,0.008512,738,4,-1.3669,0.99992,0.99992,1,20555,0,-1.3669
706,Hdac3,4,7.943e-05,0.00030053,0.008554,739,4,-1.9624,0.99992,0.99992,1,20554,0,-1.9624
707,Papss1,4,7.9769e-05,0.00030286,0.008609,740,4,-1.9375,0.99992,0.99992,1,20553,0,-1.9375
708,Capzb,4,8.016e-05,0.00030566,0.008657,741,4,-2.0445,0.99984,0.99985,1,20335,0,-2.0445
709,Atp5d,4,8.0365e-05,0.00030613,0.008657,742,4,-1.7815,0.99992,0.99992,1,20552,0,-1.7815
710,Prmt1,4,8.0535e-05,0.00030613,0.008657,743,4,-1.7165,0.99992,0.99992,1,20551,0,-1.7165
711,Ndufaf7,4,8.0621e-05,0.00030659,0.008657,744,4,-1.1957,0.99992,0.99992,1,20550,0,-1.1957
712,Rft1,4,8.0664e-05,0.00030659,0.008657,745,4,-2.042,0.99992,0.99992,1,20549,0,-2.042
713,Crcp,4,8.0776e-05,0.00030893,0.008688,746,4,-2.6221,0.99974,0.99975,1,20211,0,-2.6221
714,Ik,4,8.0835e-05,0.00030893,0.008688,747,4,-1.4608,0.99992,0.99992,1,20548,0,-1.4608
715,Rfk,4,8.0878e-05,0.00030893,0.008688,748,4,-2.0985,0.99992,0.99992,1,20547,0,-2.0985
716,Lars,4,8.1136e-05,0.00030939,0.00869,749,4,-2.2775,0.99992,0.99992,1,20546,0,-2.2775
717,Srp54a,8,8.1553e-05,0.00050617,0.011746,750,7,-2.2501,0.97767,0.97776,1,18792,0,-2.2501
718,Pop1,4,8.1696e-05,0.00031079,0.008717,751,4,-2.3415,0.99992,0.99992,1,20545,0,-2.3415
719,Gm11562,14,8.1898e-05,0.00066774,0.014104,752,10,-0.47133,0.99986,0.99987,1,20382,0,-0.47133
720,Pwp2,4,8.1955e-05,0.00031126,0.008719,753,4,-2.0267,0.99992,0.99992,1,20544,0,-2.0267
721,Arfrp1,4,8.2172e-05,0.00031172,0.00872,754,4,-2.8008,0.99992,0.99992,1,20543,0,-2.8008
722,Ube2n,4,8.2302e-05,0.00031219,0.008722,755,4,-1.2008,0.99992,0.99992,1,20542,0,-1.2008
723,Iscu,4,8.2433e-05,0.00031266,0.008724,756,4,-2.1628,0.99992,0.99992,1,20541,0,-2.1628
724,Dph3,4,8.3087e-05,0.00031499,0.008777,757,4,-1.8673,0.99992,0.99992,1,20540,0,-1.8673
725,Eif3f,4,8.3922e-05,0.00031732,0.008819,758,4,-2.6412,0.99992,0.99992,1,20539,0,-2.6412
726,Polr3e,4,8.4054e-05,0.00031732,0.008819,759,4,-1.8465,0.99992,0.99992,1,20538,0,-1.8465
727,Med26,4,8.4142e-05,0.00031825,0.008829,760,4,-1.3843,0.99992,0.99992,1,20537,0,-1.3843
728,Ttf1,4,8.4319e-05,0.00031872,0.008829,761,4,-1.5107,0.99992,0.99992,1,20536,0,-1.5107
729,Tmem41b,4,8.4807e-05,0.00031965,0.008829,762,4,-1.6581,0.99992,0.99992,1,20535,0,-1.6581
730,Rab37,4,8.4985e-05,0.00032012,0.008829,763,4,-1.3045,0.99992,0.99992,1,20534,0,-1.3045
731,Psmb1,4,8.5207e-05,0.00032012,0.008829,764,4,-2.5585,0.99991,0.99992,1,20533,0,-2.5585
732,Rpl17,2,8.5239e-05,0.00017463,0.006034,765,2,-5.8083,0.99991,0.99991,1,20532,0,-5.8083
733,Uba2,4,8.5609e-05,0.00032058,0.008829,766,4,-1.8524,0.99991,0.99992,1,20531,0,-1.8524
734,Sdad1,4,8.5612e-05,0.00032058,0.008829,767,3,-3.1603,0.96432,0.96425,1,18499,0,-3.1603
735,Brd4,4,8.5744e-05,0.00032105,0.00883,768,4,-1.787,0.99991,0.99992,1,20530,0,-1.787
736,Vars2,4,8.6103e-05,0.00032198,0.008844,769,4,-1.4076,0.99991,0.99992,1,20529,0,-1.4076
737,Bbs10,4,8.6508e-05,0.00032385,0.008851,770,4,-1.3186,0.99991,0.99992,1,20528,0,-1.3186
738,Ift172,4,8.6532e-05,0.00032385,0.008851,771,4,-2.2184,0.99946,0.99946,1,20013,0,-2.2184
739,Usp9x,4,8.6553e-05,0.00032431,0.008851,772,4,-1.4144,0.99991,0.99992,1,20527,0,-1.4144
740,Acly,4,8.6643e-05,0.00032431,0.008851,773,4,-1.4566,0.99991,0.99992,1,20526,0,-1.4566
741,Txn1,4,8.6779e-05,0.00032431,0.008851,774,4,-2.1673,0.99991,0.99992,1,20525,0,-2.1673
742,Rbm25,4,8.705e-05,0.00032478,0.008852,775,4,-1.5677,0.99991,0.99991,1,20523,0,-1.5677
743,Taf5l,4,8.7368e-05,0.00032618,0.008879,776,4,-1.593,0.99991,0.99991,1,20522,0,-1.593
744,Snrpg,3,8.8589e-05,0.00026229,0.0078,777,3,-3.3268,0.99991,0.99991,1,20521,0,-3.3268
745,Dhx29,4,8.8693e-05,0.00033224,0.00901,778,4,-1.4645,0.99991,0.99991,1,20520,0,-1.4645
746,Ncapg2,4,8.8923e-05,0.00033317,0.009023,779,4,-1.8551,0.99991,0.99991,1,20519,0,-1.8551
747,Ift140,4,8.9338e-05,0.00033411,0.009027,780,4,-1.4096,0.99991,0.99991,1,20518,0,-1.4096
748,Rnf20,4,8.9477e-05,0.00033457,0.009027,781,4,-2.6821,0.99991,0.99991,1,20517,0,-2.6821
749,Cul2,4,8.9569e-05,0.00033457,0.009027,782,4,-1.1813,0.99991,0.99991,1,20516,0,-1.1813
750,Kti12,4,8.9801e-05,0.0003369,0.009066,783,4,-1.5351,0.99991,0.99991,1,20515,0,-1.5351
751,Gemin6,4,8.9848e-05,0.0003369,0.009066,784,4,-1.4325,0.99991,0.99991,1,20514,0,-1.4325
752,Sepsecs,4,9.0452e-05,0.00033923,0.009086,785,4,-1.1526,0.99991,0.99991,1,20513,0,-1.1526
753,Sap30bp,4,9.0592e-05,0.0003397,0.009086,786,4,-1.4593,0.99991,0.99991,1,20512,0,-1.4593
754,Ppp1r15b,4,9.0639e-05,0.0003397,0.009086,787,4,-1.6114,0.99991,0.99991,1,20511,0,-1.6114
755,Eif2b3,4,9.0755e-05,0.0003397,0.009086,788,4,-2.384,0.99984,0.99985,1,20340,0,-2.384
756,Sgf29,4,9.0966e-05,0.00034017,0.009086,789,4,-1.2259,0.99991,0.99991,1,20510,0,-1.2259
757,Sclt1,4,9.1154e-05,0.00034063,0.009086,790,4,-1.4763,0.99991,0.99991,1,20509,0,-1.4763
758,Brix1,4,9.1201e-05,0.00034063,0.009086,791,4,-2.2575,0.99991,0.99991,1,20508,0,-2.2575
759,Alg1,4,9.1483e-05,0.0003411,0.009087,792,4,-1.5551,0.99991,0.99991,1,20507,0,-1.5551
760,Eaf1,4,9.2048e-05,0.00034297,0.009126,793,4,-1.9603,0.99991,0.99991,1,20506,0,-1.9603
761,Polr3d,4,9.2379e-05,0.0003439,0.009139,794,4,-1.9007,0.99991,0.99991,1,20505,0,-1.9007
762,Arih1,4,9.2427e-05,0.00034436,0.00914,795,4,-2.8086,0.99991,0.99991,1,20504,0,-2.8086
763,Ttc14,4,9.2617e-05,0.0003453,0.009153,796,4,-1.3787,0.99991,0.99991,1,20503,0,-1.3787
764,Rps14,2,9.2828e-05,0.00018536,0.006217,797,2,-3.353,0.99991,0.99991,1,20502,0,-3.353
765,Kat8,4,9.3235e-05,0.00034809,0.009205,798,4,-2.1837,0.99991,0.99991,1,20501,0,-2.1837
766,Nup54,4,9.3378e-05,0.00034856,0.009205,799,4,-2.028,0.99991,0.99991,1,20500,0,-2.028
767,Hus1,4,9.3426e-05,0.00034856,0.009205,800,4,-1.6676,0.99991,0.99991,1,20499,0,-1.6676
768,Rad51c,4,9.4361e-05,0.00035276,0.009281,801,4,-1.3581,0.99991,0.99991,1,20496,0,-1.3581
769,Ift20,4,9.4361e-05,0.00035276,0.009281,802,4,-2.0979,0.99991,0.99991,1,20497,0,-2.0979
770,Taf12,4,9.4361e-05,0.00035276,0.009281,803,4,-1.928,0.99991,0.99991,1,20498,0,-1.928
771,Cd300ld2,4,9.5207e-05,0.00035602,0.009356,804,4,-1.5253,0.9999,0.99991,1,20495,0,-1.5253
772,Hspe1,3,9.5349e-05,0.00027722,0.008077,805,3,-3.4935,0.9999,0.9999,1,20493,0,-3.4935
773,Wdpcp,4,9.5498e-05,0.00035742,0.009381,806,4,-1.5218,0.9999,0.99991,1,20492,0,-1.5218
774,3110053B16Rik,2,9.5757e-05,0.00018909,0.006244,807,2,-3.6044,0.9999,0.9999,1,20491,0,-3.6044
775,Mafg,4,9.5887e-05,0.00035929,0.009407,808,4,-1.4959,0.9999,0.99991,1,20490,0,-1.4959
776,Imp4,4,9.5936e-05,0.00035929,0.009407,809,4,-1.8108,0.9999,0.99991,1,20489,0,-1.8108
777,Gm10241,3,9.6059e-05,0.00028001,0.008103,810,3,-3.0934,0.9999,0.9999,1,20488,0,-3.0934
778,Xpo5,4,9.7012e-05,0.00036628,0.009554,811,4,-1.5002,0.9999,0.99991,1,20486,0,-1.5002
779,Cdc27,4,9.7653e-05,0.00036861,0.009603,812,4,-1.164,0.9999,0.99991,1,20485,0,-1.164
780,Amd-ps3,4,9.7752e-05,0.00036954,0.009616,813,4,-1.4151,0.9999,0.99991,1,20484,0,-1.4151
781,Togaram1,4,9.8445e-05,0.00037188,0.009665,814,4,-1.3586,0.9999,0.99991,1,20483,0,-1.3586
782,Smarca4,4,9.8644e-05,0.00037281,0.009677,815,4,-1.7371,0.9999,0.99991,1,20482,0,-1.7371
783,Incenp,4,9.8943e-05,0.00037421,0.009702,816,4,-1.6503,0.9999,0.99991,1,20481,0,-1.6503
784,Cops3,4,9.9043e-05,0.00037467,0.009702,817,4,-1.7671,0.9999,0.99991,1,20480,0,-1.7671
785,Mup-ps12,5,9.9167e-05,0.00045394,0.010891,818,4,-2.1319,0.95942,0.95955,1,18389,0,-2.1319
786,Psmb4,4,9.9243e-05,0.00037514,0.009702,819,4,-3.9847,0.9999,0.99991,1,20479,0,-3.9847
787,Pprc1,4,9.9894e-05,0.00037887,0.009787,820,4,-1.0668,0.9999,0.99991,1,20477,0,-1.0668
788,Utp18,4,0.00010055,0.0003812,0.009811,821,4,-1.4254,0.9999,0.99991,1,20476,0,-1.4254
789,Vps29,4,0.00010065,0.00038167,0.009811,822,4,-1.5326,0.9999,0.99991,1,20475,0,-1.5326
790,Kpnb1,4,0.00010075,0.00038167,0.009811,823,4,-2.6937,0.9999,0.99991,1,20474,0,-2.6937
791,Atp5k,4,0.0001008,0.00038167,0.009811,824,4,-2.2383,0.9999,0.99991,1,20473,0,-2.2383
792,Hinfp,4,0.00010095,0.00038353,0.009847,825,4,-2.2438,0.9999,0.99991,1,20472,0,-2.2438
793,Cul3,4,0.00010116,0.00038493,0.009871,826,4,-1.6487,0.9999,0.99991,1,20471,0,-1.6487
794,Cplane1,4,0.00010192,0.00038773,0.009931,827,4,-1.6256,0.9999,0.99991,1,20470,0,-1.6256
795,Aqr,4,0.00010207,0.00038866,0.009943,828,4,-2.1764,0.9999,0.99991,1,20469,0,-2.1764
796,Vps36,4,0.00010258,0.00039099,0.009978,829,4,-1.1932,0.9999,0.99991,1,20468,0,-1.1932
797,Mtpn,4,0.00010264,0.00039099,0.009978,830,4,-1.0915,0.9999,0.9999,1,20467,0,-1.0915
798,Rex2,5,0.00010288,0.0004698,0.011132,831,5,-0.95581,0.9999,0.99991,1,20466,0,-0.95581
799,Gm13642,2,0.00010302,0.00019795,0.006446,832,2,-3.414,0.9999,0.9999,1,20465,0,-3.414
800,Abce1,4,0.00010306,0.00039286,0.010014,833,4,-2.1021,0.99979,0.9998,1,20271,0,-2.1021
801,Gm28043,4,0.00010423,0.00039612,0.010085,834,4,-1.0606,0.9999,0.9999,1,20464,0,-1.0606
802,Tnpo1,4,0.00010439,0.00039706,0.010085,835,4,-1.0763,0.9999,0.9999,1,20463,0,-1.0763
803,Dolpp1,4,0.00010444,0.00039706,0.010085,836,4,-1.5347,0.9999,0.9999,1,20462,0,-1.5347
804,Ndrg3,4,0.00010501,0.00039892,0.010108,837,4,-1.5737,0.99989,0.9999,1,20461,0,-1.5737
805,Ptpa,4,0.00010554,0.00040195,0.010172,838,4,-1.139,0.99989,0.9999,1,20460,0,-1.139
806,Prorp,4,0.00010569,0.00040358,0.010201,839,4,-1.2293,0.99989,0.9999,1,20459,0,-1.2293
807,Eif3d,4,0.00010585,0.00040405,0.010201,840,4,-1.7511,0.99989,0.9999,1,20458,0,-1.7511
808,Mtpap,4,0.00010601,0.00040452,0.010201,841,4,-1.6526,0.99989,0.9999,1,20457,0,-1.6526
809,Tbl3,4,0.00010638,0.00040592,0.010224,842,4,-1.7187,0.99989,0.9999,1,20456,0,-1.7187
810,Slc25a38,4,0.00010648,0.00040638,0.010224,843,4,-1.6465,0.99989,0.9999,1,20455,0,-1.6465
811,Use1,4,0.00010659,0.00040778,0.010247,844,4,-1.1277,0.99989,0.9999,1,20454,0,-1.1277
812,Pop5,4,0.00010713,0.00040965,0.010281,845,4,-2.9196,0.99985,0.99986,1,20351,0,-2.9196
813,Snrnp70,4,0.0001077,0.00041151,0.010303,846,4,-2.2773,0.99989,0.9999,1,20453,0,-2.2773
814,Ppwd1,4,0.00010781,0.00041151,0.010303,847,4,-1.5289,0.99989,0.9999,1,20452,0,-1.5289
815,Eif3m,4,0.00010807,0.00041198,0.010303,848,4,-1.7637,0.99989,0.9999,1,20451,0,-1.7637
816,Hyls1,4,0.00010845,0.00041244,0.010303,849,4,-1.3172,0.99989,0.9999,1,20450,0,-1.3172
817,Usp5,4,0.00010893,0.00041384,0.010325,850,4,-2.225,0.99989,0.9999,1,20449,0,-2.225
818,Mrpl24,4,0.00010898,0.00041431,0.010325,851,4,-1.6541,0.99989,0.9999,1,20448,0,-1.6541
819,Mtor,4,0.00010963,0.00041571,0.010348,852,4,-1.6465,0.99989,0.9999,1,20447,0,-1.6465
820,Cmpk1,4,0.00010982,0.00041664,0.010358,853,4,-2.2052,0.99979,0.99979,1,20265,0,-2.2052
821,Card14,4,0.00011011,0.00041711,0.010358,854,4,-1.164,0.99989,0.9999,1,20446,0,-1.164
822,Mrps33,4,0.00011022,0.00041757,0.010358,855,4,-1.8406,0.99989,0.9999,1,20445,0,-1.8406
823,Sars2,4,0.00011087,0.00041944,0.010392,856,4,-2.0806,0.99989,0.9999,1,20444,0,-2.0806
824,Paxbp1,4,0.00011111,0.00042014,0.010397,857,4,-1.1141,0.99989,0.9999,1,20443,0,-1.1141
825,Rrp12,4,0.00011174,0.0004227,0.010448,858,4,-2.129,0.99989,0.99989,1,20442,0,-2.129
826,Ppp1r27,4,0.0001118,0.00042317,0.010448,859,4,-0.98245,0.99989,0.99989,1,20441,0,-0.98245
827,Ptpn23,4,0.00011339,0.00043016,0.010607,860,4,-1.6158,0.99989,0.99989,1,20440,0,-1.6158
828,Lamtor2,4,0.00011356,0.00043063,0.010607,861,4,-1.381,0.99989,0.99989,1,20439,0,-1.381
829,Rtf1,4,0.00011378,0.00043156,0.010618,862,4,-1.6894,0.99989,0.99989,1,20438,0,-1.6894
830,Clspn,4,0.00011433,0.00043436,0.010649,863,4,-1.9264,0.99989,0.99989,1,20437,0,-1.9264
831,Anapc10,4,0.00011439,0.00043436,0.010649,864,4,-2.3782,0.99989,0.99989,1,20436,0,-2.3782
832,Pcyt2,4,0.00011444,0.00043483,0.010649,865,4,-1.755,0.99989,0.99989,1,20435,0,-1.755
833,Med8,4,0.0001145,0.00043483,0.010649,866,4,-1.7342,0.99989,0.99989,1,20434,0,-1.7342
834,Mrpl44,4,0.00011514,0.00043669,0.010681,867,4,-1.9056,0.99988,0.99989,1,20433,0,-1.9056
835,Eif3b,4,0.00011522,0.00043716,0.010681,868,4,-1.5163,0.99988,0.99989,1,20432,0,-1.5163
836,Setd1a,4,0.0001155,0.00043856,0.010703,869,4,-1.6335,0.99988,0.99989,1,20431,0,-1.6335
837,Ddx42,4,0.00011595,0.00044042,0.010734,870,4,-1.1794,0.99988,0.99989,1,20430,0,-1.1794
838,Birc5,4,0.00011618,0.00044135,0.010734,871,4,-3.7257,0.99988,0.99989,1,20429,0,-3.7257
839,Rpap1,4,0.00011629,0.00044182,0.010734,872,4,-1.9978,0.99802,0.99803,1,19674,0,-1.9978
840,Gm3371,2,0.00011699,0.00022499,0.007109,874,2,-4.9278,0.99988,0.99989,1,20427,0,-4.9278
841,Actr8,4,0.00011725,0.00044695,0.010808,876,4,-1.2714,0.99988,0.99989,1,20425,0,-1.2714
842,Pola1,4,0.00011742,0.00044742,0.010808,877,4,-3.0338,0.99977,0.99978,1,20249,0,-3.0338
843,Crnkl1,4,0.00011784,0.00044882,0.010828,878,4,-3.1302,0.99985,0.99986,1,20359,0,-3.1302
844,Cdc23,4,0.00011805,0.00044928,0.010828,879,4,-2.8285,0.99988,0.99989,1,20424,0,-2.8285
845,Wdr18,4,0.00011822,0.00045021,0.010838,880,4,-2.4071,0.99988,0.99989,1,20423,0,-2.4071
846,Atp5j2,4,0.00011898,0.00045581,0.010908,881,4,-1.642,0.99896,0.99896,1,19854,0,-1.642
847,Fdx2,4,0.00011902,0.00045581,0.010908,882,4,-2.4589,0.99988,0.99989,1,20422,0,-2.4589
848,Mad2l1,4,0.00011907,0.00045628,0.010908,883,4,-2.813,0.99988,0.99989,1,20421,0,-2.813
849,Srp72,4,0.0001193,0.00045674,0.010908,884,4,-1.2797,0.99988,0.99989,1,20420,0,-1.2797
850,Nup160,4,0.00011942,0.00045721,0.010908,885,4,-2.2447,0.99988,0.99989,1,20419,0,-2.2447
851,Dhx30,4,0.00012011,0.00046141,0.010994,886,4,-1.3619,0.99988,0.99989,1,20418,0,-1.3619
852,Ccnk,4,0.00012017,0.00046187,0.010994,887,4,-1.3758,0.99988,0.99989,1,20417,0,-1.3758
853,Cdan1,4,0.00012041,0.0004628,0.011004,888,4,-2.7408,0.99892,0.99891,1,19843,0,-2.7408
854,Smarce1,4,0.00012069,0.00046374,0.011014,889,4,-1.0552,0.99988,0.99989,1,20416,0,-1.0552
855,Dcaf1,4,0.00012167,0.00046747,0.01109,890,4,-1.2848,0.99988,0.99989,1,20415,0,-1.2848
856,Urb2,4,0.00012438,0.00047586,0.011238,891,4,-1.6212,0.99988,0.99988,1,20414,0,-1.6212
857,Cap1,4,0.00012443,0.00047633,0.011238,892,4,-1.3435,0.99988,0.99988,1,20413,0,-1.3435
858,Dynlrb1,4,0.00012449,0.00047633,0.011238,893,4,-2.1713,0.99988,0.99988,1,20412,0,-2.1713
859,Naa20,4,0.00012473,0.00047726,0.011247,894,4,-1.4735,0.99988,0.99988,1,20411,0,-1.4735
860,Ndufaf8,4,0.00012604,0.00048332,0.011377,895,4,-1.2341,0.99987,0.99988,1,20408,0,-1.2341
861,Atp6v1d,4,0.0001264,0.00048519,0.011396,896,4,-1.1291,0.99987,0.99988,1,20407,0,-1.1291
862,Vps51,4,0.00012658,0.00048519,0.011396,897,4,-1.1564,0.99987,0.99988,1,20406,0,-1.1564
863,Gm17241,4,0.00012712,0.00048868,0.011453,898,4,-1.4238,0.99987,0.99988,1,20405,0,-1.4238
864,Haus3,4,0.00012742,0.00048938,0.011455,899,4,-1.8365,0.99987,0.99988,1,20404,0,-1.8365
865,Mocs3,4,0.00012803,0.00048985,0.011455,900,4,-1.2427,0.99987,0.99988,1,20403,0,-1.2427
866,Ptar1,4,0.00012845,0.00049172,0.011486,901,4,-1.1147,0.99987,0.99988,1,20402,0,-1.1147
867,H2ac13,5,0.00012884,0.0005915,0.013015,902,4,-3.4324,0.99816,0.99816,1,19697,0,-3.4324
868,Cdk7,4,0.00012908,0.00049498,0.011549,903,4,-1.8492,0.99895,0.99895,1,19850,0,-1.8492
869,Nup88,4,0.00013004,0.00049824,0.011613,904,4,-1.4495,0.99987,0.99988,1,20401,0,-1.4495
870,Timm10,4,0.00013031,0.00049964,0.011633,905,4,-2.1995,0.99987,0.99988,1,20400,0,-2.1995
871,Gemin8,4,0.00013077,0.00050151,0.011663,906,4,-1.4254,0.99987,0.99988,1,20399,0,-1.4254
872,Mms19,4,0.00013096,0.00050244,0.011672,907,4,-1.6324,0.99987,0.99988,1,20398,0,-1.6324
873,Gm7027,1,0.00013198,0.00013499,0.005165,908,1,-4.1756,0.99987,0.99988,1,20397,0,-4.1756
874,Mrpl3,4,0.00013225,0.00050897,0.011798,909,4,-1.222,0.99987,0.99988,1,20396,0,-1.222
875,Elp3,4,0.0001325,0.00051037,0.011815,910,4,-1.3462,0.99987,0.99988,1,20395,0,-1.3462
876,Cplane2,4,0.00013263,0.00051083,0.011815,911,4,-1.5431,0.99987,0.99988,1,20394,0,-1.5431
877,Arl3,4,0.0001335,0.0005141,0.011878,912,4,-1.3273,0.99987,0.99987,1,20393,0,-1.3273
878,Usp8,4,0.00013381,0.00051596,0.011908,913,4,-2.2343,0.99987,0.99987,1,20392,0,-2.2343
879,Med30,4,0.00013419,0.00051829,0.011932,914,4,-2.0375,0.99987,0.99987,1,20391,0,-2.0375
880,Pibf1,4,0.00013444,0.00051829,0.011932,915,4,-1.5826,0.99987,0.99987,1,20390,0,-1.5826
881,Mrps17,4,0.00013463,0.00051876,0.011932,916,4,-1.5242,0.99987,0.99987,1,20389,0,-1.5242
882,Wdr12,4,0.00013494,0.00051923,0.011932,917,4,-1.3964,0.99987,0.99987,1,20388,0,-1.3964
883,Rptor,4,0.00013582,0.00052249,0.011974,918,4,-1.1807,0.99986,0.99987,1,20387,0,-1.1807
884,Cep20,4,0.00013614,0.00052296,0.011974,919,4,-1.5517,0.99986,0.99987,1,20386,0,-1.5517
885,Ap2s1,4,0.0001362,0.00052296,0.011974,920,4,-1.0904,0.99986,0.99987,1,20385,0,-1.0904
886,E4f1,4,0.00013633,0.00052389,0.011974,921,4,-1.1379,0.99986,0.99987,1,20384,0,-1.1379
887,Ppp1r10,4,0.00013639,0.00052389,0.011974,922,4,-1.8323,0.99986,0.99987,1,20383,0,-1.8323
888,Zcchc9,4,0.00013716,0.00052482,0.01198,923,4,-1.8377,0.99986,0.99987,1,20381,0,-1.8377
889,Ect2,4,0.00013722,0.00052529,0.01198,924,4,-2.7595,0.99899,0.99899,1,19863,0,-2.7595
890,Mrpl20,4,0.0001378,0.00052715,0.01201,925,4,-2.3443,0.99986,0.99987,1,20380,0,-2.3443
891,Kif3b,4,0.00013895,0.00053042,0.012071,926,4,-1.8067,0.99986,0.99987,1,20379,0,-1.8067
892,Ndufa6,4,0.0001394,0.00053322,0.012122,927,4,-1.7804,0.99986,0.99987,1,20378,0,-1.7804
893,Snupn,4,0.00013966,0.00053462,0.012141,928,4,-1.1859,0.99986,0.99987,1,20377,0,-1.1859
894,Clns1a,4,0.00013998,0.00053648,0.01217,929,4,-1.6754,0.99986,0.99987,1,20376,0,-1.6754
895,Dkc1,4,0.00014069,0.00053788,0.012189,930,4,-2.7688,0.99981,0.99982,1,20302,0,-2.7688
896,Thap11,4,0.0001418,0.00054254,0.012268,931,4,-1.9958,0.99986,0.99986,1,20375,0,-1.9958
897,Dmap1,4,0.00014226,0.00054487,0.012308,932,4,-2.0926,0.99986,0.99986,1,20374,0,-2.0926
898,Sympk,4,0.00014243,0.00054581,0.012316,933,4,-1.5679,0.99986,0.99986,1,20373,0,-1.5679
899,Cebpz,4,0.00014265,0.00054674,0.012324,934,4,-1.698,0.99986,0.99986,1,20372,0,-1.698
900,Wdr35,4,0.00014358,0.00055047,0.012395,935,4,-1.3405,0.99986,0.99986,1,20371,0,-1.3405
901,Cenpo,4,0.00014371,0.0005514,0.012402,936,4,-1.5507,0.99986,0.99986,1,20370,0,-1.5507
902,Snrpe,3,0.00014573,0.00044135,0.010734,937,3,-3.1274,0.99985,0.99985,1,20369,0,-3.1274
903,Ctcf,4,0.00014663,0.00056399,0.01264,938,4,-0.98255,0.99985,0.99986,1,20368,0,-0.98255
904,Mrps21,3,0.00014677,0.00044322,0.010755,939,3,-1.8371,0.99985,0.99985,1,20367,0,-1.8371
905,Ift27,4,0.0001469,0.00056399,0.01264,940,4,-1.6484,0.99985,0.99986,1,20366,0,-1.6484
906,Wdr4,4,0.00014704,0.00056446,0.01264,941,4,-1.4582,0.99985,0.99986,1,20365,0,-1.4582
907,Huwe1,4,0.00014717,0.00056492,0.01264,942,4,-1.3924,0.99985,0.99986,1,20363,0,-1.3924
908,Rrn3,4,0.00014814,0.00056866,0.012683,943,4,-3.0843,0.99981,0.99982,1,20300,0,-3.0843
909,Cstf2,4,0.00014818,0.00056866,0.012683,944,4,-1.8649,0.99985,0.99986,1,20362,0,-1.8649
910,Zc3h10,4,0.00014825,0.00056866,0.012683,945,4,-1.4363,0.99985,0.99986,1,20361,0,-1.4363
911,Snip1,4,0.00014845,0.00056959,0.012688,946,4,-1.6097,0.99985,0.99986,1,20360,0,-1.6097
912,Elp5,4,0.00014909,0.00057005,0.012688,947,4,-1.3403,0.99985,0.99986,1,20358,0,-1.3403
913,Slc35b2,4,0.00014926,0.00057099,0.012692,948,4,-1.5769,0.99985,0.99986,1,20357,0,-1.5769
914,Dzip1l,4,0.00014954,0.00057145,0.012692,949,4,-1.0306,0.99985,0.99986,1,20356,0,-1.0306
915,Exoc7,4,0.00014994,0.00057588,0.012777,950,4,-1.7,0.99985,0.99986,1,20355,0,-1.7
916,Abt1,4,0.0001507,0.00057891,0.012831,951,4,-2.2404,0.99985,0.99986,1,20354,0,-2.2404
917,Ndufv2,4,0.00015111,0.00058171,0.01288,952,4,-1.0919,0.99985,0.99986,1,20353,0,-1.0919
918,Gins3,4,0.00015165,0.00058498,0.012922,953,4,-1.2785,0.99985,0.99986,1,20352,0,-1.2785
919,Tmx2,4,0.0001518,0.00058498,0.012922,954,4,-2.6258,0.99978,0.99978,1,20254,0,-2.6258
920,Ccdc137,4,0.00015238,0.00058684,0.012939,955,4,-1.4046,0.99985,0.99986,1,20350,0,-1.4046
921,Ift57,4,0.00015463,0.0005957,0.01308,956,4,-1.1933,0.99985,0.99985,1,20349,0,-1.1933
922,Bud13,4,0.00015631,0.0006013,0.013176,957,4,-1.0588,0.99984,0.99985,1,20348,0,-1.0588
923,Sprr2a1,8,0.00015632,0.00095615,0.018109,958,7,-0.47517,0.50009,0.66226,1,10772,1,-0.47517
924,Gfpt1,4,0.00015636,0.0006013,0.013176,959,4,-3.3337,0.99966,0.99967,1,20140,0,-3.3337
925,Trp53rka,5,0.0001568,0.00074165,0.015186,960,4,-1.6092,0.99807,0.99808,1,19686,0,-1.6092
926,Psmd4,4,0.00015737,0.00060503,0.013244,961,4,-1.3916,0.99984,0.99985,1,20347,0,-1.3916
927,Pi4kb,4,0.00015822,0.00060596,0.013251,962,4,-1.4506,0.99984,0.99985,1,20346,0,-1.4506
928,Rps15,3,0.0001595,0.00047027,0.011132,963,3,-2.9429,0.99984,0.99984,1,20345,0,-2.9429
929,Pop4,4,0.00015978,0.00061295,0.01339,964,4,-2.0856,0.99984,0.99985,1,20344,0,-2.0856
930,Alyref,4,0.00016014,0.00061529,0.013423,965,4,-1.092,0.99984,0.99985,1,20343,0,-1.092
931,Pdha1,4,0.00016025,0.00061575,0.013423,966,4,-1.2147,0.99984,0.99985,1,20342,0,-1.2147
932,Nrf1,4,0.00016067,0.00061668,0.01343,967,3,-2.5654,0.95281,0.95265,1,18249,0,-2.5654
933,Uba3,4,0.00016136,0.00061808,0.013433,968,4,-1.6818,0.99984,0.99985,1,20339,0,-1.6818
934,Naa25,4,0.00016136,0.00061808,0.013433,969,4,-2.2041,0.99807,0.99808,1,19684,0,-2.2041
935,Foxr2,4,0.00016189,0.00061902,0.013439,970,4,-2.5252,0.9984,0.99841,1,19744,0,-2.5252
936,Cep83,4,0.00016295,0.00062368,0.013513,972,4,-1.728,0.99984,0.99985,1,20338,0,-1.728
937,BB287469,8,0.0001634,0.0010042,0.018819,973,7,-0.74522,0.98372,0.98378,1,18934,0,-0.74522
938,Twistnb,4,0.0001636,0.00062648,0.01356,974,4,-2.2482,0.99984,0.99985,1,20337,0,-2.2482
939,Eif3e,4,0.00016426,0.00062741,0.013562,975,4,-1.4388,0.99984,0.99985,1,20336,0,-1.4388
940,Vmn1r113,9,0.00016434,0.001013,0.018935,976,6,-0.7663,0.011984,0.049616,0.77864,945,3,-0.7663
941,Uspl1,4,0.00016434,0.00062788,0.013562,977,3,-2.4602,0.92863,0.92841,1,17794,0,-2.4602
942,Get1,4,0.00016514,0.00062974,0.013589,978,4,-0.80813,0.99983,0.99984,1,20334,0,-0.80813
943,Cyc1,4,0.00016675,0.0006344,0.013662,979,4,-2.1606,0.99983,0.99984,1,20332,0,-2.1606
944,Opa1,4,0.0001672,0.00063674,0.013698,980,4,-1.1637,0.99983,0.99984,1,20331,0,-1.1637
945,Banf1,4,0.00016757,0.0006386,0.01372,981,4,-2.6832,0.99983,0.99984,1,20330,0,-2.6832
946,Nup107,4,0.00016779,0.00063907,0.01372,982,4,-1.223,0.99983,0.99984,1,20329,0,-1.223
947,Rpl7l1,4,0.00016831,0.00064047,0.013736,983,4,-1.432,0.99983,0.99984,1,20327,0,-1.432
948,St6galnac2,4,0.0001692,0.00064326,0.013782,984,4,-0.94676,0.99983,0.99984,1,20326,0,-0.94676
949,Nudc,4,0.00016943,0.00064513,0.013808,985,4,-1.0857,0.99983,0.99984,1,20325,0,-1.0857
950,Rbm22,4,0.00016995,0.00064746,0.01384,986,4,-2.1169,0.99983,0.99984,1,20324,0,-2.1169
951,Dicer1,4,0.0001701,0.00064793,0.01384,987,4,-1.1979,0.99983,0.99984,1,20323,0,-1.1979
952,Aamp,4,0.00017187,0.00065492,0.013962,988,4,-2.354,0.99939,0.99939,1,19974,0,-2.354
953,Ints8,4,0.0001719,0.00065492,0.013962,989,4,-0.91354,0.99983,0.99984,1,20322,0,-0.91354
954,Ccnh,4,0.00017296,0.00065679,0.013988,990,4,-1.768,0.99983,0.99984,1,20321,0,-1.768
955,Pcf11,4,0.00017349,0.00065865,0.014013,991,4,-1.423,0.99983,0.99984,1,20320,0,-1.423
956,Mettl14,4,0.0001738,0.00066005,0.014029,992,4,-1.2945,0.99983,0.99984,1,20319,0,-1.2945
957,Dbpht2,4,0.00017524,0.00066518,0.014091,993,3,-2.5843,0.58117,0.59739,1,11821,1,-2.5843
958,Polr3k,4,0.00017534,0.00066518,0.014091,994,4,-2.9025,0.99931,0.99931,1,19951,0,-2.9025
959,Ten1,4,0.0001754,0.00066565,0.014091,995,4,-1.0126,0.99982,0.99983,1,20318,0,-1.0126
960,Mup1,8,0.00017576,0.0010755,0.019729,997,6,-0.74641,0.15519,0.33228,0.993542,5434,1,-0.74641
961,Ddx10,4,0.00017597,0.00066751,0.014104,998,4,-2.646,0.99963,0.99964,1,20113,0,-2.646
962,Cdc45,4,0.00017656,0.00066891,0.014104,999,4,-2.2986,0.99982,0.99983,1,20316,0,-2.2986
963,Taf6,4,0.00017682,0.00066984,0.01411,1000,4,-2.4112,0.99782,0.99783,1,19646,0,-2.4112
964,LTO1,4,0.00017719,0.00067171,0.014121,1001,4,-2.9563,0.99939,0.99939,1,19978,0,-2.9563
965,Gclc,4,0.00017787,0.00067497,0.014176,1002,4,-1.5028,0.99982,0.99983,1,20315,0,-1.5028
966,Hnrnpl,4,0.00017849,0.00067777,0.01422,1003,4,-1.7722,0.99982,0.99983,1,20314,0,-1.7722
967,Qrich2,4,0.00017927,0.0006801,0.014255,1004,4,-0.80075,0.99982,0.99983,1,20313,0,-0.80075
968,Sprtn,4,0.00018028,0.00068243,0.01429,1005,4,-1.9827,0.99982,0.99983,1,20311,0,-1.9827
969,Nup214,4,0.00018095,0.00068476,0.014325,1006,4,-2.7103,0.9998,0.99981,1,20284,0,-2.7103
970,Atp2b1,4,0.0001813,0.0006857,0.01433,1007,4,-1.3668,0.99982,0.99983,1,20309,0,-1.3668
971,Pfdn1,4,0.00018161,0.00068663,0.014336,1008,4,-1.1154,0.99982,0.99983,1,20308,0,-1.1154
972,Rpp14,4,0.00018224,0.00068943,0.014375,1009,4,-1.9929,0.99955,0.99957,1,20064,0,-1.9929
973,Tube1,4,0.00018248,0.00068989,0.014375,1010,4,-1.5807,0.99982,0.99983,1,20307,0,-1.5807
974,Sco1,4,0.00018315,0.00069362,0.01442,1011,4,-1.2265,0.99982,0.99983,1,20306,0,-1.2265
975,Mcm4,4,0.00018319,0.00069362,0.01442,1012,4,-2.9388,0.99843,0.99844,1,19750,0,-2.9388
976,Brca1,4,0.00018335,0.00069409,0.01442,1013,4,-0.84521,0.99982,0.99982,1,20305,0,-0.84521
977,Tmem258,4,0.00018395,0.00069689,0.014464,1014,3,-1.6912,0.98594,0.98593,1,19015,0,-1.6912
978,Ssu72,3,0.00018419,0.00053928,0.012207,1015,3,-1.6815,0.99982,0.99981,1,20304,0,-1.6815
979,Vmp1,4,0.00018423,0.00069875,0.014489,1016,3,-1.9517,0.96021,0.96009,1,18407,0,-1.9517
980,Aco2,4,0.00018454,0.00070062,0.014513,1017,4,-1.1985,0.99982,0.99982,1,20303,0,-1.1985
981,Olfr1371,8,0.00018636,0.0011459,0.020654,1018,6,-0.94559,0.99013,0.99018,1,19158,0,-0.94559
982,Atp6v0d1,4,0.00018662,0.00070715,0.01462,1019,4,-2.3887,0.99975,0.99975,1,20217,0,-2.3887
983,Gm10145,2,0.00018854,0.00036628,0.009554,1020,1,-1.8755,0.87327,0.87329,1,16791,0,-1.8755
984,Anapc5,4,0.00019026,0.00071974,0.014866,1021,4,-2.1394,0.99981,0.99982,1,20299,0,-2.1394
985,Btf3,4,0.00019059,0.0007216,0.01489,1022,4,-1.6787,0.99981,0.99982,1,20298,0,-1.6787
986,Atp5o,4,0.00019108,0.00072347,0.014914,1023,4,-1.0407,0.99981,0.99982,1,20297,0,-1.0407
987,Arl16,4,0.00019189,0.00072673,0.014967,1024,4,-1.5019,0.99981,0.99982,1,20296,0,-1.5019
988,Kif18b,4,0.00019304,0.00073046,0.015014,1025,4,-1.6903,0.99981,0.99982,1,20295,0,-1.6903
989,Ddb1,4,0.00019313,0.00073046,0.015014,1026,4,-1.5696,0.99981,0.99982,1,20294,0,-1.5696
990,Romo1,4,0.00019346,0.00073139,0.015014,1027,4,-1.295,0.99981,0.99982,1,20293,0,-1.295
991,Traf3ip1,4,0.0001937,0.00073186,0.015014,1028,4,-1.6774,0.99981,0.99981,1,20292,0,-1.6774
992,Lsm4,4,0.00019503,0.00074119,0.015186,1029,4,-2.4155,0.9998,0.99981,1,20291,0,-2.4155
993,Cops6,4,0.00019611,0.00074678,0.015271,1030,4,-2.1698,0.9998,0.99981,1,20290,0,-2.1698
994,Rad51d,4,0.00019628,0.00074725,0.015271,1031,4,-1.1173,0.9998,0.99981,1,20289,0,-1.1173
995,Cenpn,4,0.00019658,0.00074911,0.015279,1032,4,-1.8784,0.99929,0.99929,1,19944,0,-1.8784
996,Anapc13,4,0.00019661,0.00074911,0.015279,1033,4,-1.098,0.9998,0.99981,1,20288,0,-1.098
997,Psmd8,4,0.00019757,0.00075098,0.015288,1034,3,-2.099,0.90243,0.9021,1,17282,0,-2.099
998,Rad17,4,0.00019837,0.00075331,0.015321,1035,4,-1.2937,0.9998,0.99981,1,20287,0,-1.2937
999,Arl2,4,0.00019862,0.00075471,0.015335,1036,4,-1.4826,0.9998,0.99981,1,20286,0,-1.4826
1000,Cops4,4,0.00019972,0.00075937,0.015415,1037,4,-1.7525,0.9998,0.99981,1,20285,0,-1.7525
1001,Cox5a,4,0.00020158,0.0007659,0.015532,1038,4,-1.3686,0.9998,0.99981,1,20283,0,-1.3686
1002,Acox1,4,0.00020192,0.00076777,0.015555,1039,4,-0.88342,0.9998,0.99981,1,20282,0,-0.88342
1003,Snapc4,3,0.00020234,0.00058544,0.012922,1040,3,-2.9434,0.9998,0.99979,1,20281,0,-2.9434
1004,Paxip1,4,0.00020303,0.00077196,0.015611,1041,4,-1.1983,0.9998,0.99981,1,20280,0,-1.1983
1005,Exoc1,4,0.0002032,0.0007729,0.015615,1042,4,-1.04,0.9998,0.99981,1,20279,0,-1.04
1006,Tinf2,4,0.00020354,0.00077429,0.015628,1043,4,-2.5415,0.9998,0.9998,1,20278,0,-2.5415
1007,Exosc2,4,0.0002038,0.00077523,0.015632,1044,4,-1.4077,0.9998,0.9998,1,20277,0,-1.4077
1008,Pomp,3,0.00020534,0.0005957,0.01308,1045,3,-2.0423,0.99979,0.99979,1,20276,0,-2.0423
1009,Smc5,4,0.00020647,0.00078688,0.015816,1046,4,-1.4864,0.99979,0.9998,1,20275,0,-1.4864
1010,Mau2,4,0.00020708,0.00078735,0.015816,1047,4,-2.1844,0.99881,0.9988,1,19816,0,-2.1844
1011,Sf3a2,4,0.00020839,0.00079108,0.015861,1048,4,-1.9844,0.99979,0.9998,1,20274,0,-1.9844
1012,Ift52,4,0.0002086,0.00079201,0.015865,1049,4,-1.5346,0.99979,0.9998,1,20273,0,-1.5346
1013,Pik3ca,4,0.00020891,0.00079435,0.015876,1050,4,-1.365,0.99979,0.9998,1,20272,0,-1.365
1014,Sys1,4,0.00020894,0.00079435,0.015876,1051,4,-2.3812,0.99824,0.99825,1,19714,0,-2.3812
1015,Kat5,4,0.00020915,0.00079481,0.015876,1052,3,-2.5895,0.96199,0.96189,1,18448,0,-2.5895
1016,Mrpl37,4,0.00020978,0.00079901,0.015937,1053,4,-1.6382,0.99979,0.9998,1,20270,0,-1.6382
1017,Exoc8,4,0.00021013,0.00080041,0.015937,1054,4,-1.2091,0.99979,0.9998,1,20269,0,-1.2091
1018,Numa1,4,0.00021031,0.00080087,0.015937,1056,4,-1.9521,0.99979,0.9998,1,20268,0,-1.9521
1019,Pisd,4,0.00021066,0.00080181,0.015941,1057,4,-1.9339,0.99979,0.9998,1,20267,0,-1.9339
1020,Trappc5,4,0.0002111,0.00080414,0.015967,1058,4,-1.5465,0.99979,0.9998,1,20266,0,-1.5465
1021,Psma2,4,0.00021143,0.0008046,0.015967,1059,3,-2.836,0.58263,0.59853,1,11844,1,-2.836
1022,Tmem216,4,0.00021358,0.00080973,0.016053,1060,4,-1.5623,0.99979,0.99979,1,20264,0,-1.5623
1023,Polr2c,4,0.00021415,0.00081253,0.016094,1061,4,-3.3083,0.99957,0.99958,1,20076,0,-3.3083
1024,Mrpl11,4,0.00021491,0.00081673,0.016126,1062,4,-0.94201,0.99979,0.99979,1,20263,0,-0.94201
1025,Zbtb17,4,0.000215,0.00081673,0.016126,1063,4,-2.141,0.99978,0.99979,1,20262,0,-2.141
1026,Kif20a,4,0.00021527,0.00081719,0.016126,1064,4,-1.3579,0.99978,0.99979,1,20260,0,-1.3579
1027,Rhox4a,19,0.00021631,0.0018967,0.029987,1065,12,-0.40639,0.72811,0.90276,1,14251,1,-0.40639
1028,U2af2,4,0.00021769,0.00082652,0.016295,1066,4,-1.826,0.99978,0.99978,1,20259,0,-1.826
1029,Ndufa8,4,0.00021805,0.00082792,0.016307,1067,4,-1.0996,0.99978,0.99978,1,20258,0,-1.0996
1030,Cdt1,4,0.00021905,0.00083351,0.016396,1068,4,-2.4465,0.99978,0.99978,1,20257,0,-2.4465
1031,2310011J03Rik,4,0.00021941,0.00083398,0.016396,1069,4,-2.1956,0.99978,0.99978,1,20256,0,-2.1956
1032,Uqcc1,4,0.00022041,0.00083678,0.016436,1070,4,-1.2713,0.99978,0.99978,1,20255,0,-1.2713
1033,Gtf3c4,4,0.00022214,0.00084191,0.016521,1071,4,-1.8419,0.99978,0.99978,1,20253,0,-1.8419
1034,Nubp1,4,0.00022228,0.00084284,0.016525,1072,4,-2.875,0.99978,0.99978,1,20252,0,-2.875
1035,Spag5,4,0.00022297,0.0008461,0.016567,1073,4,-1.1428,0.99978,0.99978,1,20251,0,-1.1428
1036,Gatad1,4,0.00022458,0.00085217,0.016661,1074,4,-0.9192,0.99978,0.99978,1,20250,0,-0.9192
1037,Cdc40,4,0.00022624,0.0008587,0.01677,1075,4,-0.85503,0.9992,0.9992,1,19914,0,-0.85503
1038,Eapp,4,0.00022638,0.00085963,0.01677,1076,4,-1.5086,0.99977,0.99978,1,20248,0,-1.5086
1039,Uqcrc2,4,0.000227,0.00086382,0.016825,1077,3,-2.8158,0.68762,0.68778,1,13520,1,-2.8158
1040,Gm10254,3,0.0002272,0.00066891,0.014104,1078,3,-2.52,0.99977,0.99977,1,20247,0,-2.52
1041,Mrps26,4,0.00022754,0.00086452,0.016825,1079,4,-1.7243,0.99977,0.99978,1,20246,0,-1.7243
1042,Timm23,3,0.00022833,0.00067124,0.014121,1080,3,-2.8543,0.99977,0.99977,1,20245,0,-2.8543
1043,Gle1,4,0.00022843,0.00087129,0.016941,1081,4,-1.0961,0.99977,0.99978,1,20244,0,-1.0961
1044,Thoc1,4,0.0002288,0.00087268,0.016953,1082,4,-1.8564,0.99977,0.99978,1,20243,0,-1.8564
1045,Ppp1r2,4,0.0002304,0.00088201,0.017119,1083,4,-1.1148,0.99977,0.99977,1,20242,0,-1.1148
1046,Rps20,2,0.0002319,0.00045348,0.010891,1084,2,-3.3444,0.99977,0.99976,1,20241,0,-3.3444
1047,Metap2,4,0.00023206,0.00088761,0.017196,1085,4,-2.6008,0.99787,0.99788,1,19655,0,-2.6008
1048,Bap1,4,0.00023257,0.000889,0.017207,1086,4,-1.5689,0.99977,0.99977,1,20240,0,-1.5689
1049,Ciapin1,4,0.00023314,0.00089087,0.017228,1087,4,-1.4602,0.99977,0.99977,1,20239,0,-1.4602
1050,U2surp,4,0.0002339,0.00089553,0.017302,1088,4,-1.6099,0.99977,0.99977,1,20238,0,-1.6099
1051,Sf3b6,4,0.00023406,0.00089647,0.017304,1089,3,-2.822,0.97692,0.97687,1,18775,0,-2.822
1052,Bbs1,4,0.00023494,0.00089973,0.017336,1090,4,-1.1967,0.99977,0.99977,1,20237,0,-1.1967
1053,Xrn2,4,0.00023504,0.00089973,0.017336,1091,4,-1.4867,0.99976,0.99977,1,20236,0,-1.4867
1054,Nrde2,4,0.00023533,0.00090066,0.017338,1092,4,-1.4978,0.99976,0.99977,1,20235,0,-1.4978
1055,Txnl4b,4,0.00023571,0.00090253,0.017358,1093,4,-1.5279,0.99976,0.99977,1,20234,0,-1.5279
1056,Polrmt,4,0.00023638,0.00090533,0.017396,1094,4,-1.6663,0.99976,0.99977,1,20233,0,-1.6663
1057,Srebf2,4,0.00023724,0.00090766,0.017425,1095,4,-0.90825,0.99976,0.99977,1,20232,0,-0.90825
1058,Mrpl18,4,0.00023821,0.00091045,0.017463,1096,4,-1.3758,0.99976,0.99977,1,20230,0,-1.3758
1059,Mterf3,4,0.00023927,0.00091465,0.017512,1097,4,-0.95781,0.99976,0.99976,1,20229,0,-0.95781
1060,Gss,4,0.00024072,0.00092025,0.017603,1098,4,-1.2045,0.99976,0.99976,1,20227,0,-1.2045
1061,Tpi1,3,0.00024183,0.00070342,0.014557,1099,3,-1.6353,0.99976,0.99975,1,20226,0,-1.6353
1062,Armc7,4,0.00024199,0.00092165,0.017614,1100,4,-1.4462,0.99976,0.99976,1,20225,0,-1.4462
1063,Gtf2h2,4,0.00024355,0.00092538,0.01767,1101,4,-2.24,0.9978,0.99782,1,19641,0,-2.24
1064,Psmc6,4,0.00024552,0.00093237,0.017787,1102,4,-2.2387,0.99975,0.99976,1,20224,0,-2.2387
1065,Ska2,4,0.00024621,0.00093377,0.017798,1103,4,-0.83234,0.99975,0.99976,1,20223,0,-0.83234
1066,Rpa3,4,0.00024879,0.0009431,0.017959,1104,3,-2.222,0.90963,0.90937,1,17427,0,-2.222
1067,Snapc1,4,0.00024975,0.00094636,0.018005,1105,4,-2.1835,0.99962,0.99963,1,20105,0,-2.1835
1068,Psmd13,4,0.00025109,0.00095149,0.018087,1106,4,-1.6903,0.99975,0.99975,1,20222,0,-1.6903
1069,Vps53,4,0.00025199,0.00095429,0.018109,1107,4,-1.4102,0.99975,0.99975,1,20221,0,-1.4102
1070,Gtf2e2,4,0.00025249,0.00095522,0.018109,1108,4,-1.5107,0.99975,0.99975,1,20220,0,-1.5107
1071,Zfx,4,0.00025295,0.00095662,0.018109,1109,4,-1.1463,0.99975,0.99975,1,20219,0,-1.1463
1072,Ndufb9,4,0.0002534,0.00095802,0.018109,1110,4,-1.4317,0.99975,0.99975,1,20218,0,-1.4317
1073,Mdn1,4,0.00025351,0.00095802,0.018109,1111,4,-2.5487,0.9991,0.9991,1,19885,0,-2.5487
1074,Ufsp2,4,0.00025396,0.00095895,0.018109,1112,4,-0.85468,0.99975,0.99975,1,20216,0,-0.85468
1075,Pfdn2,4,0.00025431,0.00095988,0.018109,1113,4,-2.2352,0.99975,0.99975,1,20215,0,-2.2352
1076,Cox11,4,0.00025446,0.00096035,0.018109,1114,4,-1.4692,0.99975,0.99975,1,20214,0,-1.4692
1077,Ugdh,4,0.00025587,0.00096548,0.018174,1115,3,-1.7488,0.98775,0.98775,1,19071,0,-1.7488
1078,Tufm,3,0.00025737,0.00075098,0.015288,1116,3,-2.0991,0.99974,0.99974,1,20213,0,-2.0991
1079,Ncapg,4,0.0002589,0.00097807,0.018394,1117,4,-1.1196,0.99974,0.99975,1,20212,0,-1.1196
1080,Mcmbp,4,0.00026116,0.00098926,0.018572,1118,4,-1.169,0.99974,0.99975,1,20210,0,-1.169
1081,Smim26,4,0.00026147,0.00099019,0.018573,1119,4,-0.88597,0.99974,0.99975,1,20209,0,-0.88597
1082,4933402N22Rik,7,0.0002629,0.0014383,0.024408,1120,6,-0.74132,0.98364,0.98358,1,18932,0,-0.74132
1083,Vmn1r100,12,0.00026432,0.0018473,0.029336,1121,7,-0.69658,0.71257,0.85184,1,13988,2,-0.69658
1084,Pdcd2,4,0.00026553,0.001007,0.018838,1122,4,-1.4143,0.99973,0.99974,1,20208,0,-1.4143
1085,1700049E17Rik1,3,0.00026757,0.00078129,0.015739,1123,3,-1.9444,0.99973,0.99973,1,20207,0,-1.9444
1086,Rpl9,1,0.00027025,0.00027255,0.007993,1124,1,-3.8216,0.99973,0.99975,1,20206,0,-3.8216
1087,Sec16a,4,0.00027027,0.0010242,0.019094,1125,4,-1.144,0.99973,0.99973,1,20205,0,-1.144
1088,Scfd1,3,0.00027056,0.00078595,0.015816,1126,3,-2.146,0.99973,0.99972,1,20204,0,-2.146
1089,Cep192,4,0.00027293,0.0010336,0.019217,1127,4,-1.2381,0.99973,0.99973,1,20202,0,-1.2381
1090,Psmg4,4,0.00027303,0.0010336,0.019217,1128,4,-1.6809,0.99973,0.99973,1,20201,0,-1.6809
1091,Utp23,4,0.00027326,0.001035,0.019226,1129,3,-2.4656,0.41644,0.4869,1,9753,1,-2.4656
1092,Fntb,4,0.00027507,0.0010406,0.019296,1130,4,-1.0276,0.99972,0.99973,1,20200,0,-1.0276
1093,Ppp1r8,4,0.0002755,0.0010415,0.019297,1131,4,-2.1715,0.99972,0.99973,1,20199,0,-2.1715
1094,Dynlt1a,5,0.00027691,0.0012924,0.022519,1132,5,-0.73629,0.99972,0.99973,1,20198,0,-0.73629
1095,Ddx46,4,0.00027765,0.0010466,0.01935,1133,4,-1.5145,0.99972,0.99973,1,20197,0,-1.5145
1096,Hmgxb3,4,0.00027776,0.0010471,0.01935,1134,4,-0.95622,0.99972,0.99973,1,20196,0,-0.95622
1097,Nipbl,4,0.00027922,0.0010513,0.019393,1135,3,-2.3123,0.99383,0.99381,1,19330,0,-2.3123
1098,Lrrc45,4,0.00027928,0.0010513,0.019393,1136,4,-1.1769,0.99972,0.99973,1,20195,0,-1.1769
1099,Mrpl48,5,0.00027961,0.0013082,0.022675,1137,4,-1.4157,0.95272,0.95286,1,18247,0,-1.4157
1100,Foxk2,4,0.00028004,0.0010522,0.019394,1138,4,-1.0667,0.99972,0.99972,1,20194,0,-1.0667
1101,Sin3b,4,0.00028091,0.0010531,0.019394,1139,4,-1.2437,0.99972,0.99972,1,20193,0,-1.2437
1102,Cdc37,4,0.00028119,0.0010541,0.019394,1140,4,-1.1907,0.99972,0.99972,1,20192,0,-1.1907
1103,Pfdn6,4,0.00028552,0.0010718,0.019703,1141,4,-1.4191,0.99971,0.99972,1,20191,0,-1.4191
1104,Gatc,4,0.00028629,0.001076,0.019729,1142,3,-2.2476,0.22998,0.34676,0.997093,7159,1,-2.2476
1105,Vmn1r111,11,0.00028885,0.0019265,0.030323,1143,8,-0.67632,0.87158,0.91806,1,16752,1,-0.67632
1106,Rpl38,2,0.00028902,0.00055327,0.012431,1144,2,-3.5727,0.99971,0.9997,1,20190,0,-3.5727
1107,Hspd1,4,0.0002893,0.001089,0.019951,1145,4,-1.4207,0.99971,0.99972,1,20189,0,-1.4207
1108,Ykt6,4,0.00028963,0.0010904,0.01996,1146,4,-1.2972,0.99971,0.99972,1,20188,0,-1.2972
1109,Exosc7,4,0.00029041,0.0010928,0.019985,1147,4,-1.9941,0.99971,0.99972,1,20187,0,-1.9941
1110,Stk11,4,0.00029075,0.0010942,0.019994,1148,4,-0.97915,0.99971,0.99972,1,20186,0,-0.97915
1111,Dgcr8,4,0.0002912,0.0010951,0.019994,1149,4,-1.5209,0.99971,0.99972,1,20185,0,-1.5209
1112,Cenpp,4,0.00029243,0.0011042,0.020142,1150,4,-0.91372,0.99971,0.99971,1,20184,0,-0.91372
1113,U2af1,3,0.00029308,0.00084657,0.016567,1151,3,-1.8021,0.99971,0.99971,1,20183,0,-1.8021
1114,Hmga1,8,0.0002935,0.001775,0.028465,1152,6,-1.1339,0.65611,0.77896,1,12985,2,-1.1339
1115,Alg14,4,0.00029503,0.0011138,0.020299,1153,3,-2.3408,0.98799,0.98798,1,19082,0,-2.3408
1116,Golt1b,4,0.0002952,0.0011147,0.020299,1154,4,-1.5711,0.9997,0.99971,1,20182,0,-1.5711
1117,Mrps18b,4,0.00029627,0.001117,0.020324,1155,4,-1.3587,0.9997,0.99971,1,20181,0,-1.3587
1118,Vrk1,4,0.00029741,0.0011198,0.020357,1156,4,-0.83212,0.9997,0.99971,1,20180,0,-0.83212
1119,Ttbk2,4,0.00029821,0.0011222,0.020373,1157,4,-1.4665,0.9997,0.99971,1,20179,0,-1.4665
1120,Slc45a4,4,0.00029832,0.0011226,0.020373,1158,4,-0.78784,0.9997,0.99971,1,20178,0,-0.78784
1121,Rpl10a,3,0.00029878,0.00086009,0.01677,1159,3,-2.3592,0.9997,0.9997,1,20177,0,-2.3592
1122,Cep57,4,0.00030038,0.0011292,0.020474,1160,4,-1.4341,0.9997,0.99971,1,20176,0,-1.4341
1123,Ift122,4,0.00030183,0.0011359,0.020564,1161,4,-2.6512,0.99967,0.99969,1,20153,0,-2.6512
1124,Slc38a2,4,0.00030211,0.0011375,0.020564,1162,4,-1.4728,0.9997,0.99971,1,20175,0,-1.4728
1125,Med31,4,0.00030222,0.001138,0.020564,1163,4,-1.5648,0.9997,0.99971,1,20174,0,-1.5648
1126,Mbtps1,4,0.00030234,0.0011389,0.020564,1164,4,-1.2741,0.9997,0.99971,1,20173,0,-1.2741
1127,Ddx23,4,0.00030396,0.0011441,0.020639,1165,4,-2.0932,0.9997,0.99971,1,20172,0,-2.0932
1128,Slc25a10,4,0.000305,0.0011473,0.020654,1166,4,-0.71681,0.9997,0.99971,1,20170,0,-0.71681
1129,Adsl,4,0.00030511,0.0011478,0.020654,1167,4,-2.0163,0.99969,0.99971,1,20169,0,-2.0163
1130,Ttk,4,0.00030593,0.0011497,0.02067,1168,4,-1.7249,0.99969,0.9997,1,20168,0,-1.7249
1131,H2ac20,3,0.00030763,0.00088621,0.017184,1169,3,-3.9799,0.99969,0.99969,1,20167,0,-3.9799
1132,Med13,4,0.00030838,0.0011599,0.020819,1170,4,-1.0404,0.99969,0.9997,1,20166,0,-1.0404
1133,Tfip11,4,0.0003099,0.0011613,0.020826,1171,4,-1.0974,0.99969,0.9997,1,20165,0,-1.0974
1134,Gpn2,4,0.00031034,0.0011641,0.020841,1172,4,-2.1646,0.99892,0.9989,1,19839,0,-2.1646
1135,Rbm39,4,0.00031037,0.0011641,0.020841,1173,4,-1.3274,0.99969,0.9997,1,20164,0,-1.3274
1136,Ttc23,4,0.00031072,0.0011655,0.020849,1174,4,-1.2844,0.99969,0.9997,1,20163,0,-1.2844
1137,Papola,4,0.00031214,0.0011702,0.020915,1175,4,-1.1363,0.99969,0.9997,1,20162,0,-1.1363
1138,Prelid1,3,0.00031351,0.00091139,0.017465,1176,3,-4.6461,0.99969,0.99968,1,20161,0,-4.6461
1139,Ylpm1,4,0.00031665,0.0011893,0.021221,1178,4,-1.3711,0.99968,0.9997,1,20160,0,-1.3711
1140,Fn3krp,4,0.0003194,0.0011996,0.021386,1179,4,-1.0182,0.99968,0.99969,1,20158,0,-1.0182
1141,Tedc2,4,0.00032037,0.0012024,0.021418,1180,4,-0.91377,0.99968,0.99969,1,20157,0,-0.91377
1142,Ift74,4,0.00032205,0.0012098,0.021532,1181,4,-1.5655,0.99968,0.99969,1,20156,0,-1.5655
1143,Pop7,4,0.00032339,0.0012149,0.021606,1182,4,-1.6075,0.99968,0.99969,1,20155,0,-1.6075
1144,Prkar1a,4,0.00032424,0.0012173,0.021629,1183,4,-1.5378,0.99968,0.99969,1,20154,0,-1.5378
1145,Cs,4,0.00032643,0.0012275,0.021775,1184,4,-2.0038,0.99967,0.99969,1,20152,0,-2.0038
1146,Gm14633,2,0.00032649,0.000633,0.013645,1185,2,-4.2131,0.99967,0.99966,1,20151,0,-4.2131
1147,Ccnd1,4,0.0003279,0.0012327,0.021829,1186,4,-1.5054,0.99967,0.99969,1,20150,0,-1.5054
1148,Zbtb34,4,0.00032937,0.0012373,0.021884,1187,4,-0.88175,0.99967,0.99968,1,20149,0,-0.88175
1149,Tsg101,4,0.00033035,0.0012411,0.021923,1189,4,-2.7501,0.99967,0.99968,1,20148,0,-2.7501
1150,Fgfr2,4,0.00033097,0.0012434,0.021936,1190,4,-1.6897,0.99967,0.99968,1,20147,0,-1.6897
1151,Pnkp,4,0.00033469,0.0012592,0.022179,1191,4,-1.4486,0.99967,0.99968,1,20146,0,-1.4486
1152,Sacm1l,4,0.00033483,0.0012597,0.022179,1192,4,-1.9655,0.99955,0.99956,1,20061,0,-1.9655
1153,Gm4459,3,0.00033631,0.00098553,0.018518,1193,3,-2.2177,0.99966,0.99966,1,20145,0,-2.2177
1154,Fbxo5,4,0.00033766,0.0012681,0.022308,1194,4,-2.8164,0.99963,0.99965,1,20114,0,-2.8164
1155,Rtn4ip1,4,0.00033818,0.00127,0.022322,1195,4,-0.94088,0.99966,0.99967,1,20144,0,-0.94088
1156,Ppat,4,0.00033881,0.0012718,0.022324,1196,4,-0.86075,0.99966,0.99967,1,20143,0,-0.86075
1157,Supt5,4,0.00033919,0.001273,0.022324,1197,4,-1.8205,0.99966,0.99967,1,20142,0,-1.8205
1158,Wdr75,4,0.00033931,0.0012732,0.022324,1198,4,-1.3882,0.99966,0.99967,1,20141,0,-1.3882
1159,Taf7,4,0.00034079,0.001277,0.022353,1199,4,-1.5122,0.99747,0.99748,1,19599,0,-1.5122
1160,Rbm45,4,0.00034095,0.001277,0.022353,1200,4,-1.007,0.99966,0.99967,1,20139,0,-1.007
1161,Ecsit,4,0.00034196,0.0012807,0.0224,1201,4,-0.94449,0.99966,0.99967,1,20138,0,-0.94449
1162,Gm51557,3,0.00034329,0.0010056,0.018828,1202,3,-1.7926,0.99966,0.99965,1,20137,0,-1.7926
1163,Cant1,4,0.00034373,0.00129,0.022519,1203,4,-1.0132,0.99966,0.99967,1,20136,0,-1.0132
1164,Nol8,4,0.00034462,0.0012924,0.022519,1204,4,-0.82276,0.99966,0.99967,1,20135,0,-0.82276
1165,Ndufa3,4,0.00034494,0.0012928,0.022519,1205,4,-1.4224,0.99966,0.99967,1,20134,0,-1.4224
1166,Suds3,4,0.00034625,0.0012994,0.022556,1206,4,-1.2948,0.99869,0.9987,1,19793,0,-1.2948
1167,Trmt112,4,0.00034653,0.0013003,0.022556,1207,4,-2.233,0.99926,0.99926,1,19936,0,-2.233
1168,Mxra7,4,0.00034654,0.0013003,0.022556,1208,4,-0.99913,0.99965,0.99967,1,20133,0,-0.99913
1169,Eif5a,3,0.00035018,0.0010308,0.019198,1209,3,-2.6031,0.99965,0.99965,1,20132,0,-2.6031
1170,Srpr,4,0.0003518,0.0013227,0.022907,1210,4,-1.3486,0.99965,0.99966,1,20130,0,-1.3486
1171,Nsrp1,4,0.00035258,0.001325,0.022929,1211,4,-1.5147,0.99965,0.99966,1,20129,0,-1.5147
1172,H4c4,3,0.0003533,0.0010403,0.019296,1212,2,-2.3364,0.98484,0.985,1,18972,0,-2.3364
1173,Coa7,4,0.00035409,0.001332,0.023031,1213,3,-1.6752,0.99386,0.99385,1,19331,0,-1.6752
1174,Eif4e,3,0.00035507,0.0010438,0.019323,1214,3,-2.5401,0.99964,0.99964,1,20128,0,-2.5401
1175,Ash2l,4,0.00035517,0.0013381,0.023117,1215,4,-1.3384,0.99964,0.99966,1,20127,0,-1.3384
1176,Prpf4b,4,0.00035569,0.0013404,0.023139,1216,4,-1.6418,0.99964,0.99966,1,20126,0,-1.6418
1177,Kmt2a,4,0.00035647,0.001346,0.023216,1217,4,-0.92698,0.99964,0.99965,1,20125,0,-0.92698
1178,Mrpl49,4,0.0003587,0.0013525,0.023307,1218,4,-1.7121,0.99964,0.99965,1,20124,0,-1.7121
1179,Ypel5,4,0.00035935,0.0013534,0.023307,1219,4,-0.71375,0.99964,0.99965,1,20123,0,-0.71375
1180,Mcm2,4,0.00036027,0.0013553,0.02332,1220,4,-1.5698,0.99964,0.99965,1,20122,0,-1.5698
1181,Wdr77,4,0.0003608,0.0013581,0.023331,1221,4,-1.5399,0.99964,0.99965,1,20121,0,-1.5399
1182,Dnaja3,4,0.00036159,0.0013614,0.023368,1222,4,-1.6333,0.99964,0.99965,1,20120,0,-1.6333
1183,Gm11559,12,0.00036344,0.0024987,0.037023,1223,8,-0.50087,0.14783,0.35757,0.998204,5246,2,-0.50087
1184,Arl6,4,0.00036377,0.0013735,0.023557,1224,4,-0.88472,0.99964,0.99965,1,20119,0,-0.88472
1185,Polg2,4,0.0003645,0.0013772,0.023602,1225,4,-1.2051,0.99964,0.99965,1,20117,0,-1.2051
1186,Lsm11,4,0.00036516,0.0013819,0.023663,1226,4,-1.1678,0.99963,0.99965,1,20116,0,-1.1678
1187,Cep85,4,0.00036569,0.0013852,0.023699,1227,4,-1.1058,0.99963,0.99965,1,20115,0,-1.1058
1188,Atp5c1,4,0.00037414,0.001415,0.024187,1228,4,-1.6765,0.99963,0.99964,1,20112,0,-1.6765
1189,Dhx36,4,0.00037468,0.0014159,0.024187,1229,4,-0.90938,0.99963,0.99964,1,20111,0,-0.90938
1190,Ftl1,4,0.00037802,0.0014271,0.024308,1230,3,-1.6467,0.92297,0.92282,1,17689,0,-1.6467
1191,Actr6,4,0.00037822,0.0014276,0.024308,1231,4,-1.7978,0.99962,0.99963,1,20110,0,-1.7978
1192,Zfp638,4,0.00037903,0.0014308,0.024344,1232,4,-1.4274,0.99962,0.99963,1,20109,0,-1.4274
1193,Nop56,4,0.00037958,0.0014327,0.024356,1233,4,-1.3391,0.99962,0.99963,1,20108,0,-1.3391
1194,Zfp750,4,0.00037985,0.0014341,0.02436,1234,4,-0.94444,0.99962,0.99963,1,20107,0,-0.94444
1195,Zc3h13,4,0.00038136,0.0014392,0.024408,1235,4,-1.0857,0.99962,0.99963,1,20106,0,-1.0857
1196,Lrpprc,4,0.00038191,0.0014406,0.024413,1236,4,-1.4223,0.99962,0.99963,1,20104,0,-1.4223
1197,Pars2,4,0.00038602,0.001456,0.024622,1237,4,-1.8741,0.99942,0.99942,1,19992,0,-1.8741
1198,Lsm8,4,0.00038619,0.0014565,0.024622,1238,4,-1.8532,0.99961,0.99962,1,20103,0,-1.8532
1199,Ints11,4,0.00038633,0.0014565,0.024622,1239,4,-1.8125,0.99779,0.9978,1,19638,0,-1.8125
1200,Psmc3,4,0.0003882,0.0014612,0.024682,1240,3,-1.7781,0.56311,0.58377,1,11584,1,-1.7781
1201,Gm10668,3,0.0003888,0.0011371,0.020564,1241,3,-1.2167,0.99961,0.99961,1,20102,0,-1.2167
1202,Arl13b,4,0.00038896,0.0014635,0.024701,1242,4,-2.4339,0.99961,0.99962,1,20101,0,-2.4339
1203,Rrp1,4,0.00039288,0.0014784,0.024933,1243,4,-1.6758,0.99837,0.99838,1,19739,0,-1.6758
1204,Med4,4,0.00039499,0.0014859,0.025039,1244,4,-2.4547,0.99961,0.99962,1,20100,0,-2.4547
1205,Gclm,4,0.00039555,0.0014891,0.025055,1245,4,-1.0562,0.9996,0.99962,1,20099,0,-1.0562
1206,Rpl28,3,0.00039587,0.0011529,0.020711,1246,3,-1.8232,0.9996,0.9996,1,20098,0,-1.8232
1207,Gm50593,1,0.00039595,0.00039846,0.010108,1247,1,-4.1791,0.9996,0.99963,1,20097,0,-4.1791
1208,Sod1,4,0.00039823,0.0014971,0.025168,1248,3,-1.6141,0.97592,0.97585,1,18754,0,-1.6141
1209,Ankrd49,4,0.00039923,0.0015003,0.025203,1249,4,-1.2362,0.9996,0.99961,1,20096,0,-1.2362
1210,Afmid,4,0.00040108,0.0015078,0.025287,1250,4,-1.0082,0.9996,0.99961,1,20095,0,-1.0082
1211,Preb,4,0.00040165,0.0015101,0.025287,1251,4,-1.6235,0.9996,0.99961,1,20094,0,-1.6235
1212,Ankle2,4,0.00040165,0.0015101,0.025287,1252,3,-2.0424,0.95688,0.9568,1,18331,0,-2.0424
1213,Gm10076,2,0.0004017,0.00077103,0.015607,1253,2,-3.6937,0.9996,0.99958,1,20093,0,-3.6937
1214,Kansl2,4,0.00040236,0.0015129,0.02529,1254,4,-1.6119,0.9996,0.99961,1,20092,0,-1.6119
1215,Cox17,4,0.00040279,0.0015138,0.02529,1255,4,-1.9171,0.9996,0.99961,1,20091,0,-1.9171
1216,Med21,4,0.00040379,0.0015162,0.025309,1256,4,-1.4899,0.9996,0.99961,1,20090,0,-1.4899
1217,Prpf38b,4,0.00040523,0.0015236,0.025394,1257,3,-1.8917,0.75822,0.75801,1,14775,0,-1.8917
1218,Lrr1,4,0.00040619,0.0015316,0.025506,1258,3,-2.3822,0.97819,0.97819,1,18803,0,-2.3822
1219,C2cd5,4,0.00040767,0.0015358,0.025556,1259,4,-0.80292,0.99959,0.9996,1,20089,0,-0.80292
1220,Engase,4,0.00040811,0.0015376,0.025567,1260,4,-0.82963,0.99959,0.9996,1,20088,0,-0.82963
1221,Osgep,4,0.00041057,0.0015446,0.025643,1261,4,-1.3764,0.99959,0.9996,1,20087,0,-1.3764
1222,Gm15080,12,0.00041202,0.0027701,0.040258,1262,7,-0.64573,0.85826,0.9247,1,16530,1,-0.64573
1223,Atpaf2,4,0.00041435,0.0015591,0.025862,1263,4,-0.72238,0.99959,0.9996,1,20086,0,-0.72238
1224,Gm9794,2,0.00041476,0.00078875,0.015829,1264,2,-3.2982,0.99771,0.99765,1,19626,0,-3.2982
1225,Gemin7,4,0.00041699,0.0015651,0.025943,1265,4,-1.0974,0.99958,0.99959,1,20085,0,-1.0974
1226,Top3a,4,0.00041784,0.0015665,0.025946,1266,3,-2.182,0.92193,0.92174,1,17678,0,-2.182
1227,Med10,3,0.0004212,0.0012327,0.021829,1267,3,-2.1579,0.99958,0.99957,1,20084,0,-2.1579
1228,Nrbp1,4,0.000422,0.0015791,0.026113,1268,4,-0.67384,0.99958,0.99959,1,20083,0,-0.67384
1229,Eif2b1,4,0.00042467,0.0015857,0.026199,1269,4,-1.7866,0.99958,0.99959,1,20082,0,-1.7866
1230,Uqcrq,4,0.00042541,0.0015871,0.026199,1270,4,-1.7322,0.99957,0.99959,1,20081,0,-1.7322
1231,Lsm10,4,0.00042571,0.001588,0.026199,1271,4,-1.5681,0.99957,0.99959,1,20080,0,-1.5681
1232,Rps12,3,0.00042588,0.0012439,0.021936,1272,3,-3.3292,0.99957,0.99957,1,20079,0,-3.3292
1233,Chmp3,4,0.00042903,0.0016057,0.026453,1273,3,-1.7443,0.59213,0.60591,1,11982,1,-1.7443
1234,Ahi1,4,0.00042915,0.0016062,0.026453,1274,4,-1.0556,0.99957,0.99958,1,20078,0,-1.0556
1235,Nop10,4,0.00042945,0.0016071,0.026453,1275,4,-1.7323,0.99957,0.99958,1,20077,0,-1.7323
1236,Ccdc84,4,0.00043147,0.001615,0.026562,1276,2,-2.1982,0.68207,0.6826,1,13418,1,-2.1982
1237,Tut1,4,0.00043185,0.0016174,0.02658,1277,4,-1.5719,0.99957,0.99958,1,20075,0,-1.5719
1238,Flad1,4,0.00043336,0.0016225,0.026644,1278,4,-1.1631,0.99957,0.99958,1,20074,0,-1.1631
1239,Elac2,4,0.00043381,0.0016267,0.026676,1279,4,-1.6309,0.99957,0.99958,1,20073,0,-1.6309
1240,Gga3,4,0.00043502,0.001629,0.026676,1280,4,-0.95418,0.99956,0.99958,1,20072,0,-0.95418
1241,Mrpl53,4,0.00043518,0.0016295,0.026676,1281,4,-1.5947,0.99956,0.99958,1,20071,0,-1.5947
1242,Taf8,4,0.00043638,0.0016342,0.026732,1282,3,-1.8345,0.46469,0.51646,1,10313,1,-1.8345
1243,Tpr,4,0.00043684,0.0016374,0.026765,1283,4,-2.1603,0.99956,0.99958,1,20070,0,-2.1603
1244,Alas1,4,0.00043857,0.0016463,0.026889,1284,4,-1.8779,0.9994,0.99941,1,19983,0,-1.8779
1245,Gm13736,3,0.00043881,0.0012849,0.022454,1285,3,-2.08,0.99956,0.99956,1,20069,0,-2.08
1246,Alpi,4,0.0004402,0.0016537,0.02699,1286,4,-0.65961,0.99956,0.99957,1,20068,0,-0.65961
1247,Iqce,4,0.00044076,0.0016579,0.027038,1287,4,-1.6707,0.99945,0.99945,1,20007,0,-1.6707
1248,Kif4,3,0.00044318,0.0012961,0.022539,1288,3,-1.4588,0.99956,0.99955,1,20067,0,-1.4588
1249,Gm10013,7,0.00044498,0.0023317,0.035085,1289,5,-0.81747,0.96445,0.96432,1,18502,0,-0.81747
1250,Gm11824,1,0.00044623,0.00045115,0.010848,1290,1,-3.3896,0.99955,0.99958,1,20066,0,-3.3896
1251,Atp6v0b,4,0.0004468,0.0016789,0.027345,1291,4,-1.4851,0.99955,0.99957,1,20065,0,-1.4851
1252,Gapdh,4,0.00045146,0.0016966,0.027592,1292,4,-2.425,0.99955,0.99956,1,20063,0,-2.425
1253,Smg1,4,0.00045161,0.0016971,0.027592,1293,4,-1.0851,0.99955,0.99956,1,20062,0,-1.0851
1254,Pes1,4,0.00045236,0.0016985,0.027593,1294,4,-1.8213,0.99928,0.99928,1,19942,0,-1.8213
1255,Ctu2,4,0.0004538,0.0017036,0.027655,1295,4,-1.1752,0.99955,0.99956,1,20060,0,-1.1752
1256,Glg1,4,0.00045528,0.0017088,0.027717,1296,4,-0.68117,0.99954,0.99956,1,20059,0,-0.68117
1257,Mkks,4,0.00046008,0.0017256,0.027968,1297,4,-0.91555,0.99954,0.99956,1,20058,0,-0.91555
1258,Mrpl14,4,0.00046174,0.0017311,0.028038,1298,4,-1.0653,0.99954,0.99955,1,20057,0,-1.0653
1259,Snrnp27,4,0.00046198,0.0017325,0.028039,1299,4,-0.61627,0.99954,0.99955,1,20056,0,-0.61627
1260,Gm10320,3,0.00046298,0.0013572,0.023331,1300,3,-2.3211,0.99954,0.99953,1,20055,0,-2.3211
1261,6030468B19Rik,4,0.00046373,0.0017405,0.028124,1301,4,-1.01,0.99954,0.99955,1,20054,0,-1.01
1262,Ogdh,4,0.00046404,0.0017423,0.028133,1302,4,-2.1947,0.99954,0.99955,1,20053,0,-2.1947
1263,Lsm12,4,0.00046516,0.0017475,0.028194,1303,4,-0.82436,0.99953,0.99955,1,20052,0,-0.82436
1264,Kri1,4,0.00046707,0.0017577,0.028338,1304,4,-1.4837,0.99953,0.99955,1,20051,0,-1.4837
1265,Coq4,5,0.00046724,0.0021634,0.033214,1305,5,-0.97476,0.99953,0.99953,1,20050,0,-0.97476
1266,Unk,4,0.00046803,0.0017619,0.028385,1306,4,-1.7306,0.99953,0.99955,1,20049,0,-1.7306
1267,Bbs2,4,0.00046835,0.0017643,0.028401,1307,4,-1.2828,0.99953,0.99955,1,20048,0,-1.2828
1268,Mrps28,4,0.00047012,0.0017698,0.028448,1308,4,-2.0289,0.99879,0.99879,1,19812,0,-2.0289
1269,Spcs2,4,0.00047092,0.0017731,0.028465,1309,4,-1.5324,0.99953,0.99954,1,20047,0,-1.5324
1270,Srcap,4,0.00047188,0.001775,0.028465,1310,4,-2.659,0.99953,0.99954,1,20046,0,-2.659
1271,Mnat1,4,0.00047224,0.0017773,0.028481,1311,3,-1.8231,0.6405,0.64548,1,12733,1,-1.8231
1272,Tpx2,4,0.00047722,0.0017974,0.028781,1312,4,-1.1067,0.99952,0.99954,1,20045,0,-1.1067
1273,Chd8,4,0.00047852,0.0018025,0.028813,1314,4,-1.3475,0.99952,0.99953,1,20044,0,-1.3475
1274,Gm14496,4,0.00047868,0.0018034,0.028813,1315,4,-0.9586,0.99952,0.99953,1,20043,0,-0.9586
1275,Shoc2,4,0.00048113,0.0018123,0.028932,1316,4,-0.74657,0.99952,0.99953,1,20042,0,-0.74657
1276,Tbp,4,0.00048194,0.0018144,0.028944,1317,4,-1.2269,0.99952,0.99953,1,20041,0,-1.2269
1277,Gm14231,1,0.00048394,0.00048752,0.011438,1318,1,-4.0204,0.99952,0.99954,1,20040,0,-4.0204
1278,Cog1,4,0.00048687,0.0018347,0.029188,1319,4,-1.2682,0.99951,0.99953,1,20039,0,-1.2682
1279,Rac3,4,0.00048703,0.0018351,0.029188,1320,4,-0.59444,0.99951,0.99952,1,20038,0,-0.59444
1280,Ttc26,4,0.00048802,0.0018375,0.029203,1321,4,-1.4161,0.99951,0.99952,1,20037,0,-1.4161
1281,Gm7488,3,0.00048825,0.0014178,0.024199,1322,3,-1.2965,0.99951,0.99951,1,20036,0,-1.2965
1282,Cdc7,4,0.00049233,0.0018538,0.029418,1323,4,-1.4272,0.99951,0.99952,1,20035,0,-1.4272
1283,H2aj,4,0.00049561,0.0018659,0.029588,1324,3,-2.7766,0.84117,0.84061,1,16240,0,-2.7766
1284,Inpp5e,4,0.00049616,0.0018682,0.029603,1325,4,-0.89733,0.9995,0.99952,1,20033,0,-0.89733
1285,Cox10,4,0.00049717,0.0018748,0.029685,1326,4,-1.1658,0.9995,0.99951,1,20032,0,-1.1658
1286,Zfp830,4,0.00050356,0.0018948,0.02998,1327,4,-1.6828,0.9995,0.99951,1,20031,0,-1.6828
1287,Chmp7,4,0.00050423,0.0018985,0.029994,1328,4,-1.8612,0.9995,0.99951,1,20030,0,-1.8612
1288,Polr2m,4,0.00050508,0.0019013,0.030016,1329,4,-1.3347,0.99949,0.9995,1,20029,0,-1.3347
1289,Dctn2,4,0.0005061,0.0019046,0.030045,1330,4,-1.5143,0.99949,0.9995,1,20028,0,-1.5143
1290,Slc7a6os,4,0.00050776,0.0019083,0.030082,1331,4,-2.4853,0.99879,0.99879,1,19811,0,-2.4853
1291,Rpn2,4,0.00051121,0.0019228,0.030287,1332,4,-1.0732,0.99949,0.9995,1,20027,0,-1.0732
1292,Rhox2a,6,0.00051155,0.0024091,0.036049,1333,5,-0.60461,0.99919,0.99918,1,19909,0,-0.60461
1293,Gtf3c6,4,0.00051559,0.0019419,0.030508,1334,3,-1.757,0.76466,0.76452,1,14882,0,-1.757
1294,Ppp1cb,4,0.00051575,0.0019419,0.030508,1335,4,-1.4638,0.99948,0.99949,1,20026,0,-1.4638
1295,Cox16,4,0.00051634,0.0019438,0.030508,1336,3,-1.8486,0.94555,0.94544,1,18103,0,-1.8486
1296,Actg1,3,0.0005166,0.0014891,0.025055,1337,3,-1.7376,0.99948,0.99948,1,20025,0,-1.7376
1297,Ddx47,4,0.00051998,0.0019559,0.030672,1338,4,-2.6553,0.99948,0.99949,1,20024,0,-2.6553
1298,Vmn1r143,3,0.00052147,0.0015041,0.025246,1339,3,-1.4149,0.99948,0.99947,1,20023,0,-1.4149
1299,Mrps24,4,0.00052464,0.0019704,0.030876,1340,3,-1.6803,0.47462,0.52283,1,10440,1,-1.6803
1300,Pdap1,4,0.00052607,0.0019736,0.030904,1341,4,-1.2175,0.99947,0.99948,1,20022,0,-1.2175
1301,Gm10120,3,0.00052613,0.0015125,0.02529,1342,3,-1.911,0.99947,0.99947,1,20021,0,-1.911
1302,Timm50,3,0.00052958,0.0015236,0.025394,1343,3,-1.7863,0.99947,0.99947,1,20020,0,-1.7863
1303,Tmem242,4,0.00053591,0.0020077,0.031391,1344,4,-0.62213,0.99946,0.99947,1,20019,0,-0.62213
1304,Rpl27a,3,0.00053602,0.0015414,0.025609,1345,3,-2.886,0.99946,0.99946,1,20018,0,-2.886
1305,Gm13680,2,0.00053812,0.0010149,0.018953,1346,2,-3.9736,0.99946,0.99944,1,20017,0,-3.9736
1306,Cc2d2a,4,0.00053964,0.0020175,0.031521,1347,4,-1.5047,0.99946,0.99947,1,20016,0,-1.5047
1307,Gm12191,2,0.00053987,0.0010182,0.018997,1348,2,-3.5246,0.99946,0.99944,1,20015,0,-3.5246
1308,Elp1,4,0.00054089,0.0020217,0.031563,1349,4,-1.2462,0.99946,0.99947,1,20014,0,-1.2462
1309,Exosc5,4,0.0005433,0.0020296,0.031664,1350,4,-1.9021,0.99946,0.99946,1,20012,0,-1.9021
1310,Dars2,4,0.00054626,0.0020417,0.031755,1351,4,-1.4191,0.99945,0.99946,1,20011,0,-1.4191
1311,Rrp7a,3,0.00054654,0.0015726,0.026026,1352,3,-2.1585,0.99945,0.99945,1,20010,0,-2.1585
1312,Ttc8,4,0.0005468,0.0020422,0.031755,1353,4,-1.2844,0.99945,0.99946,1,20009,0,-1.2844
1313,Gspt1,4,0.0005477,0.002045,0.031755,1354,4,-1.9172,0.99945,0.99946,1,20008,0,-1.9172
1314,Brpf1,4,0.00055185,0.0020627,0.031992,1355,4,-0.62259,0.99945,0.99945,1,20006,0,-0.62259
1315,BC005624,4,0.00055258,0.002066,0.032003,1356,4,-0.90383,0.99945,0.99945,1,20005,0,-0.90383
1316,Rpap3,4,0.00055276,0.0020664,0.032003,1357,4,-0.95915,0.99945,0.99945,1,20004,0,-0.95915
1317,Sart1,4,0.00055477,0.0020748,0.03211,1358,4,-1.6326,0.99806,0.99807,1,19682,0,-1.6326
1318,Ptcd3,4,0.00055949,0.0020995,0.032445,1359,4,-1.6576,0.99944,0.99944,1,20003,0,-1.6576
1319,Gm5543,4,0.00056509,0.0021219,0.032767,1360,4,-0.72887,0.99943,0.99944,1,20002,0,-0.72887
1320,Gm15427,2,0.00056768,0.0010737,0.019721,1361,2,-2.5104,0.99943,0.99941,1,20001,0,-2.5104
1321,Pafah1b2,4,0.00056944,0.0021401,0.032981,1362,4,-0.9787,0.99943,0.99944,1,20000,0,-0.9787
1322,Rpn1,4,0.00056985,0.002142,0.032981,1363,3,-3.05,0.99314,0.99313,1,19299,0,-3.05
1323,Ythdc1,4,0.00056999,0.002142,0.032981,1364,4,-1.0012,0.99943,0.99944,1,19999,0,-1.0012
1324,Mrpl13,4,0.00057222,0.0021485,0.033057,1365,4,-1.1489,0.99943,0.99943,1,19998,0,-1.1489
1325,Ptbp1,4,0.00057315,0.0021504,0.033062,1366,4,-1.1325,0.99943,0.99943,1,19997,0,-1.1325
1326,Tmem126b,4,0.00057352,0.0021522,0.033067,1367,4,-1.0473,0.99943,0.99943,1,19996,0,-1.0473
1327,Wars,4,0.0005791,0.0021755,0.033352,1368,3,-2.5418,0.94016,0.94008,1,18012,0,-2.5418
1328,BC080696,7,0.00058035,0.0030079,0.042806,1369,6,-0.8707,0.95704,0.95698,1,18334,0,-0.8707
1329,Ddx27,4,0.00058214,0.0021844,0.033454,1370,4,-1.5279,0.99942,0.99943,1,19994,0,-1.5279
1330,Prc1,4,0.00058271,0.0021853,0.033454,1371,4,-1.8094,0.99942,0.99943,1,19993,0,-1.8094
1331,Pik3r4,4,0.00058422,0.0021919,0.033524,1372,4,-1.2597,0.99942,0.99942,1,19991,0,-1.2597
1332,LOC100861749,1,0.00058449,0.00058917,0.012977,1373,1,-3.5658,0.99942,0.99945,1,19990,0,-3.5658
1333,Sass6,4,0.00058498,0.0021942,0.033524,1374,4,-1.1251,0.99942,0.99942,1,19989,0,-1.1251
1334,Gm11694,4,0.00058573,0.0021947,0.033524,1375,4,-1.3378,0.99941,0.99942,1,19988,0,-1.3378
1335,Stx5a,4,0.00058751,0.0021998,0.033555,1376,2,-1.5,0.94822,0.94819,1,18158,0,-1.5
1336,Grin2c,4,0.00058858,0.002203,0.03358,1377,4,-0.87297,0.99941,0.99942,1,19987,0,-0.87297
1337,Tprkb,4,0.00059086,0.00221,0.033663,1378,4,-1.2123,0.99941,0.99941,1,19986,0,-1.2123
1338,Ppie,4,0.00059201,0.0022138,0.033695,1379,4,-1.3382,0.99941,0.99941,1,19985,0,-1.3382
1339,Srsf10,4,0.00059239,0.0022156,0.0337,1380,4,-1.6123,0.99941,0.99941,1,19984,0,-1.6123
1340,Brd2,4,0.00060412,0.0022618,0.034307,1381,4,-1.6353,0.9994,0.9994,1,19982,0,-1.6353
1341,Hcfc1,4,0.00060451,0.0022632,0.034307,1382,4,-1.9316,0.9994,0.9994,1,19981,0,-1.9316
1342,Cd3eap,4,0.00060454,0.0022632,0.034307,1383,3,-1.942,0.90967,0.90942,1,17429,0,-1.942
1343,Rpl7a,3,0.0006064,0.0017405,0.028124,1384,2,-3.3529,0.93149,0.93151,1,17855,0,-3.3529
1344,Gm3962,6,0.00060735,0.0028335,0.040872,1385,5,-0.82201,0.99845,0.99844,1,19756,0,-0.82201
1345,Zmynd8,4,0.00060761,0.0022772,0.034488,1386,4,-0.90758,0.99939,0.99939,1,19980,0,-0.90758
1346,Dnajc8,4,0.00060913,0.00228,0.034502,1387,4,-1.2036,0.99678,0.99677,1,19541,0,-1.2036
1347,Mrpl19,4,0.00060976,0.0022814,0.034502,1388,4,-0.81532,0.99939,0.99939,1,19979,0,-0.81532
1348,Nupl1,4,0.00061269,0.0022963,0.034682,1389,4,-1.5288,0.99939,0.99939,1,19977,0,-1.5288
1349,Rpl12,3,0.00061283,0.0017657,0.028402,1390,3,-2.6117,0.99939,0.99939,1,19976,0,-2.6117
1350,Ddx59,4,0.00061288,0.0022968,0.034682,1391,4,-1.5861,0.99939,0.99939,1,19975,0,-1.5861
1351,Noc4l,4,0.00061333,0.0022982,0.034682,1392,3,-1.8051,0.98895,0.98896,1,19112,0,-1.8051
1352,Haus1,4,0.00061543,0.0023061,0.034777,1393,4,-1.8475,0.99938,0.99939,1,19973,0,-1.8475
1353,Ndufa11,4,0.00061602,0.0023084,0.034787,1394,4,-1.1332,0.99938,0.99939,1,19972,0,-1.1332
1354,Ak2,4,0.00061661,0.0023108,0.034797,1395,4,-0.68782,0.99938,0.99939,1,19971,0,-0.68782
1355,C1qbp,4,0.00062214,0.0023331,0.035085,1396,4,-1.0252,0.99938,0.99938,1,19970,0,-1.0252
1356,Tma16,4,0.00062389,0.0023369,0.035116,1397,3,-2.3071,0.6231,0.63098,1,12455,1,-2.3071
1357,Usp7,4,0.00062559,0.0023434,0.035189,1398,4,-1.7777,0.99927,0.99927,1,19937,0,-1.7777
1358,Taf6l,4,0.0006281,0.0023523,0.035297,1399,4,-1.914,0.99937,0.99937,1,19969,0,-1.914
1359,Anln,4,0.0006292,0.0023546,0.035307,1400,4,-0.69045,0.99937,0.99937,1,19968,0,-0.69045
1360,Cep120,4,0.00063405,0.0023714,0.035534,1401,4,-2.0153,0.99828,0.99828,1,19725,0,-2.0153
1361,Zfp335,4,0.00064422,0.0024119,0.036065,1402,4,-2.4262,0.99936,0.99936,1,19967,0,-2.4262
1362,Bub1b,4,0.00064584,0.0024175,0.036124,1403,4,-1.7226,0.99935,0.99936,1,19966,0,-1.7226
1363,Gm17019,2,0.0006495,0.0012247,0.021743,1404,2,-3.7211,0.99935,0.99933,1,19965,0,-3.7211
1364,Gnl3,4,0.00065034,0.0024353,0.036337,1405,4,-1.4124,0.99935,0.99935,1,19964,0,-1.4124
1365,Cby1,4,0.00065095,0.0024371,0.03634,1406,4,-0.81324,0.99935,0.99935,1,19963,0,-0.81324
1366,Gnl3l,4,0.00065259,0.0024432,0.036404,1407,4,-1.3664,0.99935,0.99935,1,19962,0,-1.3664
1367,Mrpl47,4,0.00065366,0.002446,0.036421,1408,3,-1.8335,0.97856,0.97857,1,18810,0,-1.8335
1368,Dyrk1a,4,0.00065671,0.0024586,0.036557,1410,4,-0.79853,0.99934,0.99935,1,19961,0,-0.79853
1369,Pdcl,4,0.00065795,0.0024632,0.0366,1411,4,-1.1094,0.99934,0.99934,1,19960,0,-1.1094
1370,Caml,4,0.00066188,0.0024763,0.036743,1412,4,-0.95075,0.99934,0.99934,1,19959,0,-0.95075
1371,H4c6,4,0.00067148,0.002508,0.037136,1413,4,-1.0321,0.99933,0.99933,1,19958,0,-1.0321
1372,Ccdc130,4,0.00067505,0.0025234,0.037311,1414,4,-0.93911,0.99932,0.99933,1,19956,0,-0.93911
1373,Otud6b,3,0.00067581,0.001944,0.030508,1415,3,-1.3952,0.99932,0.99933,1,19955,0,-1.3952
1374,Evpl,4,0.00067652,0.002529,0.037368,1416,4,-0.62664,0.99932,0.99933,1,19954,0,-0.62664
1375,Srp68,4,0.00068479,0.0025607,0.03781,1417,4,-1.5772,0.99932,0.99932,1,19952,0,-1.5772
1376,H2bc15,2,0.00069122,0.0012942,0.022525,1418,2,-2.7327,0.99489,0.99479,1,19381,0,-2.7327
1377,Ptges3,3,0.00069546,0.0019923,0.031173,1419,3,-1.84,0.9993,0.9993,1,19950,0,-1.84
1378,Sult6b2,4,0.00069678,0.002605,0.038411,1420,4,-0.6612,0.9993,0.99931,1,19949,0,-0.6612
1379,Dnttip2,4,0.00069851,0.002612,0.038487,1421,4,-0.91042,0.9993,0.99931,1,19948,0,-0.91042
1380,Mrpl28,4,0.00070024,0.0026143,0.038495,1422,4,-1.5069,0.9993,0.99931,1,19947,0,-1.5069
1381,Ahctf1,4,0.00070262,0.0026246,0.038619,1423,4,-1.0406,0.9993,0.9993,1,19946,0,-1.0406
1382,Pnn,4,0.00071876,0.0026768,0.03932,1424,3,-2.4054,0.99345,0.99343,1,19314,0,-2.4054
1383,Bnip1,4,0.00071882,0.0026777,0.03932,1425,4,-0.86499,0.99928,0.99928,1,19943,0,-0.86499
1384,Rbbp5,4,0.0007211,0.0026875,0.039436,1426,4,-1.9938,0.99825,0.99826,1,19717,0,-1.9938
1385,Krtap5-3,4,0.00072236,0.0026917,0.039471,1427,4,-0.76862,0.99928,0.99928,1,19941,0,-0.76862
1386,Smn1,4,0.00072502,0.0027001,0.039539,1428,4,-1.4089,0.99927,0.99928,1,19940,0,-1.4089
1387,Polr2i,4,0.00072813,0.0027132,0.039696,1429,3,-2.2339,0.43916,0.50068,1,10019,1,-2.2339
1388,Cd300a,4,0.0007288,0.0027146,0.039696,1430,4,-0.91325,0.99927,0.99927,1,19939,0,-0.91325
1389,Msto1,4,0.00072992,0.0027164,0.039696,1431,4,-0.94012,0.99927,0.99927,1,19938,0,-0.94012
1390,Mcl1,4,0.00073095,0.0027216,0.039744,1432,4,-1.2668,0.99826,0.99826,1,19722,0,-1.2668
1391,Coa5,4,0.00073662,0.0027454,0.040063,1433,3,-2.2901,0.97819,0.97819,1,18804,0,-2.2901
1392,Cactin,4,0.00073821,0.00275,0.040104,1434,4,-1.2859,0.99926,0.99926,1,19935,0,-1.2859
1393,Ints2,4,0.00074318,0.0027663,0.040258,1435,4,-1.3818,0.99926,0.99926,1,19934,0,-1.3818
1394,Tubgcp4,4,0.00074409,0.0027668,0.040258,1436,4,-1.582,0.99926,0.99926,1,19933,0,-1.582
1395,Cd300ld,5,0.00074433,0.0033851,0.046912,1437,4,-0.75272,0.99678,0.99676,1,19540,0,-0.75272
1396,Rac1,4,0.00074477,0.0027682,0.040258,1438,4,-0.75334,0.99926,0.99926,1,19932,0,-0.75334
1397,Sec61a1,4,0.00074681,0.0027766,0.040325,1439,4,-1.9723,0.99925,0.99926,1,19931,0,-1.9723
1398,Ptcd1,4,0.00075045,0.0027864,0.04044,1440,4,-0.75085,0.99925,0.99925,1,19930,0,-0.75085
1399,Fam122a,4,0.00075182,0.0027929,0.040486,1441,4,-1.2192,0.99925,0.99925,1,19929,0,-1.2192
1400,Actr2,4,0.00075189,0.0027934,0.040486,1442,3,-1.4606,0.91922,0.91903,1,17630,0,-1.4606
1401,Cdc20,4,0.00075218,0.0027957,0.040492,1443,4,-1.8132,0.99823,0.99823,1,19711,0,-1.8132
1402,Mrps6,4,0.0007567,0.0028106,0.04068,1444,4,-2.1725,0.998,0.998,1,19672,0,-2.1725
1403,Gm13363,3,0.00075855,0.0021741,0.033352,1445,3,-1.5324,0.99924,0.99924,1,19928,0,-1.5324
1404,Gars,4,0.00075863,0.0028181,0.040753,1446,3,-1.8853,0.26231,0.38564,1,7880,1,-1.8853
1405,Ago2,4,0.00075892,0.0028195,0.040753,1447,4,-1.6642,0.99924,0.99924,1,19927,0,-1.6642
1406,Usp39,4,0.00076202,0.0028302,0.040872,1448,4,-1.5801,0.99892,0.99891,1,19844,0,-1.5801
1407,Tsen54,4,0.00076284,0.002833,0.040872,1449,4,-0.95231,0.99924,0.99924,1,19926,0,-0.95231
1408,Cul1,4,0.00076468,0.0028419,0.040965,1450,4,-0.85207,0.99924,0.99924,1,19925,0,-0.85207
1409,Ndufb10,4,0.00077025,0.0028624,0.041212,1451,4,-1.3551,0.99923,0.99923,1,19924,0,-1.3551
1410,Lonp1,4,0.00077077,0.0028629,0.041212,1452,4,-1.7434,0.99884,0.99883,1,19821,0,-1.7434
1411,Exosc9,4,0.00077421,0.0028736,0.041323,1453,4,-1.4806,0.99923,0.99923,1,19922,0,-1.4806
1412,Cmtr1,4,0.00077444,0.0028745,0.041323,1454,4,-1.5363,0.99923,0.99923,1,19921,0,-1.5363
1413,Rdm1,4,0.00077666,0.0028848,0.041443,1455,4,-0.86244,0.99922,0.99922,1,19920,0,-0.86244
1414,Ska3,4,0.00078058,0.0028983,0.041588,1456,3,-1.2427,0.99555,0.99556,1,19440,0,-1.2427
1415,Ccnf,4,0.00078076,0.0028988,0.041588,1457,4,-0.89184,0.99922,0.99922,1,19919,0,-0.89184
1416,Cwc25,4,0.00078358,0.0029109,0.041733,1458,4,-1.1639,0.99922,0.99922,1,19918,0,-1.1639
1417,Tsr2,4,0.0007865,0.0029207,0.041845,1459,3,-2.8832,0.92479,0.92461,1,17719,0,-2.8832
1418,Zmat2,4,0.00078699,0.0029253,0.041884,1460,4,-1.6155,0.9983,0.9983,1,19728,0,-1.6155
1419,Scaf8,4,0.00078972,0.0029351,0.041968,1462,4,-1.2826,0.99921,0.99921,1,19917,0,-1.2826
1420,Ssrp1,3,0.00079035,0.0022637,0.034307,1463,3,-2.3904,0.99921,0.99921,1,19916,0,-2.3904
1421,Ctc1,4,0.00079186,0.0029421,0.042039,1464,4,-1.0551,0.99921,0.99921,1,19915,0,-1.0551
1422,Trim28,4,0.00079876,0.002965,0.042337,1465,4,-0.8495,0.9992,0.9992,1,19913,0,-0.8495
1423,Atr,4,0.00080163,0.0029748,0.042448,1466,4,-1.0664,0.9992,0.99919,1,19912,0,-1.0664
1424,Dot1l,4,0.00080379,0.002985,0.042566,1467,4,-0.90459,0.9992,0.99919,1,19911,0,-0.90459
1425,Gm10136,1,0.00081075,0.00081719,0.016126,1470,1,-4.0284,0.99919,0.99922,1,19908,0,-4.0284
1426,Trappc3,4,0.00081351,0.0030181,0.042923,1471,3,-2.427,0.085809,0.16944,0.901892,3809,1,-2.427
1427,Rnps1,4,0.00081562,0.0030261,0.043007,1472,4,-0.76302,0.99918,0.99918,1,19907,0,-0.76302
1428,Gtf3a,4,0.00081654,0.0030303,0.043038,1473,4,-2.0039,0.99915,0.99914,1,19895,0,-2.0039
1429,Hs6st1,4,0.00081878,0.0030396,0.043141,1474,4,-0.65723,0.99918,0.99917,1,19906,0,-0.65723
1430,Nkap,4,0.00082468,0.0030587,0.043355,1476,3,-1.9722,0.51331,0.54827,1,10943,1,-1.9722
1431,Dedd,4,0.00082561,0.0030615,0.043366,1477,4,-0.63107,0.99917,0.99917,1,19905,0,-0.63107
1432,Nars2,4,0.00082672,0.0030657,0.043396,1478,4,-1.8126,0.99917,0.99916,1,19902,0,-1.8126
1433,Exosc10,4,0.00083126,0.0030783,0.043494,1479,4,-1.1556,0.99917,0.99916,1,19904,0,-1.1556
1434,Fen1,4,0.00083151,0.0030788,0.043494,1480,4,-0.75535,0.99917,0.99916,1,19903,0,-0.75535
1435,Ccnc,4,0.00083339,0.0030848,0.043551,1481,3,-1.5298,0.99082,0.99078,1,19188,0,-1.5298
1436,Usp36,4,0.00083699,0.0030969,0.043693,1482,3,-1.6972,0.96297,0.96287,1,18468,0,-1.6972
1437,Tubgcp3,4,0.00083853,0.0031035,0.043737,1483,3,-1.6547,0.99485,0.99484,1,19378,0,-1.6547
1438,Resf1,4,0.00083892,0.0031053,0.043737,1484,4,-0.82578,0.99916,0.99915,1,19901,0,-0.82578
1439,Abcf1,4,0.00083916,0.0031063,0.043737,1485,4,-1.1843,0.99916,0.99915,1,19900,0,-1.1843
1440,Smarcb1,4,0.0008406,0.0031091,0.043747,1486,3,-1.896,0.94552,0.94541,1,18102,0,-1.896
1441,Mettl1,4,0.00084239,0.0031151,0.043775,1488,4,-1.0852,0.99916,0.99915,1,19898,0,-1.0852
1442,Eprs,4,0.00084463,0.0031231,0.043857,1489,4,-1.3799,0.99916,0.99915,1,19897,0,-1.3799
1443,Fbxw11,4,0.00084889,0.0031422,0.044096,1490,4,-1.6382,0.99648,0.99647,1,19512,0,-1.6382
1444,Tada2b,4,0.00085038,0.0031454,0.044113,1491,4,-1.1297,0.99915,0.99914,1,19896,0,-1.1297
1445,Bud23,4,0.00085489,0.0031594,0.044264,1492,4,-2.2016,0.99915,0.99914,1,19894,0,-2.2016
1446,Taf10,4,0.00085703,0.0031664,0.044316,1493,4,-0.90028,0.99914,0.99914,1,19893,0,-0.90028
1447,Gm5928,2,0.00086551,0.0016281,0.026676,1494,2,-3.3736,0.99913,0.99912,1,19892,0,-3.3736
1448,Med28,4,0.00086677,0.0032047,0.044766,1495,4,-1.3383,0.99913,0.99913,1,19891,0,-1.3383
1449,Nmd3,4,0.00087305,0.0032312,0.045078,1496,3,-1.8896,0.24389,0.36348,1,7476,1,-1.8896
1450,Bdp1,4,0.00087889,0.0032504,0.045285,1497,4,-1.4716,0.99912,0.99912,1,19890,0,-1.4716
1451,Cnot3,4,0.00088288,0.0032643,0.04545,1498,4,-1.2021,0.99912,0.99912,1,19889,0,-1.2021
1452,Rbm14,3,0.00088339,0.0025145,0.037206,1499,3,-2.2662,0.99912,0.99911,1,19888,0,-2.2662
1453,B4galt7,4,0.00088848,0.0032872,0.045739,1500,3,-1.5845,0.99283,0.99281,1,19280,0,-1.5845
1454,Dhx38,4,0.00089635,0.0033161,0.04608,1501,4,-1.4411,0.9991,0.9991,1,19887,0,-1.4411
1455,Kif23,4,0.00090104,0.0033329,0.046283,1503,4,-2.0475,0.9991,0.9991,1,19886,0,-2.0475
1456,Slc25a1,4,0.00090839,0.003356,0.046573,1504,4,-0.6814,0.99909,0.99909,1,19884,0,-0.6814
1457,Rars2,4,0.00091172,0.0033683,0.046714,1505,3,-1.4888,0.79317,0.79291,1,15370,0,-1.4888
1458,Taf3,4,0.00091631,0.003387,0.046912,1506,4,-0.65246,0.99908,0.99908,1,19883,0,-0.65246
1459,Rpl14,4,0.00091737,0.0033912,0.046939,1507,4,-1.4675,0.99908,0.99908,1,19882,0,-1.4675
1460,Sephs2,4,0.00092188,0.0034098,0.047136,1508,4,-0.90843,0.99908,0.99908,1,19881,0,-0.90843
1461,Mex3a,4,0.00092215,0.0034098,0.047136,1509,4,-0.6379,0.99908,0.99908,1,19880,0,-0.6379
1462,Tk1,3,0.00092356,0.0026288,0.038654,1510,3,-1.1942,0.99908,0.99908,1,19879,0,-1.1942
1463,Acad9,4,0.00092588,0.0034229,0.047255,1511,4,-1.061,0.99907,0.99907,1,19878,0,-1.061
1464,Wdr46,4,0.00093535,0.0034527,0.047636,1512,3,-2.5728,0.99496,0.99496,1,19386,0,-2.5728
1465,Gtf3c3,4,0.00093821,0.0034658,0.047785,1513,4,-1.7046,0.99906,0.99906,1,19877,0,-1.7046
1466,Mrps11,4,0.0009448,0.0034872,0.04805,1514,3,-1.8773,0.98156,0.98156,1,18880,0,-1.8773
1467,Ush1g,4,0.00094551,0.0034896,0.048051,1515,4,-0.64536,0.99905,0.99905,1,19876,0,-0.64536
1468,Ebna1bp2,4,0.00094704,0.0034975,0.048097,1516,3,-1.8491,0.9862,0.98618,1,19020,0,-1.8491
1469,Sec63,4,0.00095504,0.0035306,0.04851,1517,4,-1.3064,0.99904,0.99904,1,19875,0,-1.3064
1470,Wars2,4,0.000956,0.0035343,0.04851,1518,4,-1.534,0.99803,0.99805,1,19675,0,-1.534
1471,Ndufa4,4,0.00095777,0.0035395,0.048549,1519,4,-0.63075,0.99904,0.99904,1,19874,0,-0.63075
1472,Gm10268,1,0.00096159,0.00096221,0.018128,1520,1,-4.0605,0.99904,0.99906,1,19873,0,-4.0605
1473,Rps8,2,0.00096433,0.0018162,0.028952,1521,2,-3.0213,0.99904,0.99902,1,19872,0,-3.0213
1474,Gm3584,4,0.00096766,0.0035665,0.048869,1522,4,-1.0702,0.99903,0.99903,1,19871,0,-1.0702
1475,Gins4,4,0.00096785,0.0035674,0.048869,1523,3,-1.981,0.99577,0.99578,1,19457,0,-1.981
1476,Supt3,4,0.00097319,0.0035819,0.049004,1524,4,-0.99829,0.99903,0.99902,1,19870,0,-0.99829
1477,2210408I21Rik,4,0.00097722,0.0035954,0.049157,1525,4,-0.79897,0.99902,0.99902,1,19869,0,-0.79897
1478,Cd300lf,4,0.00098824,0.0036379,0.049674,1526,4,-0.81646,0.99901,0.999,1,19868,0,-0.81646
1479,Slc25a26,4,0.0009895,0.0036416,0.049693,1528,4,-1.4055,0.99901,0.999,1,19867,0,-1.4055
1480,Uts2r,4,0.00099301,0.0036523,0.049807,1529,4,-0.71945,0.99901,0.999,1,19866,0,-0.71945
1481,Fbf1,4,0.00099704,0.0036672,0.049978,1530,3,-1.2847,0.9961,0.9961,1,19483,0,-1.2847
1482,Gm20815,3,0.0010538,0.0030009,0.042735,1548,2,-2.0274,0.92488,0.92493,1,17721,0,-2.0274
1483,C130026I21Rik,2,0.0010718,0.0020314,0.031669,1552,2,-2.6416,0.99893,0.9989,1,19846,0,-2.6416
1484,Gm13268,2,0.0010767,0.0020426,0.031755,1554,2,-3.8097,0.99892,0.9989,1,19845,0,-3.8097
1485,Rpl34,2,0.0010792,0.0020459,0.031755,1555,2,-3.0331,0.99892,0.9989,1,19842,0,-3.0331
1486,Tbc1d16,3,0.0010809,0.0030774,0.043494,1556,3,-0.99345,0.99892,0.99892,1,19840,0,-0.99345
1487,Gm10029,2,0.0010941,0.0020809,0.03218,1558,2,-4.295,0.99891,0.99888,1,19838,0,-4.295
1488,Gm8539,3,0.001115,0.0031604,0.044264,1564,3,-1.9111,0.99889,0.99889,1,19834,0,-1.9111
1489,Gm14586,2,0.001115,0.0021284,0.032844,1565,2,-2.7187,0.99889,0.99886,1,19833,0,-2.7187
1490,Gm10036,3,0.0011421,0.0032392,0.045159,1574,3,-3.5383,0.9981,0.99812,1,19689,0,-3.5383
1491,Tomm22,2,0.0011858,0.0022609,0.034307,1585,2,-2.3017,0.99881,0.99879,1,19818,0,-2.3017
1492,Rps29,2,0.0012943,0.0024693,0.036665,1613,2,-3.2013,0.99855,0.99854,1,19768,0,-3.2013
1493,Gm12643,2,0.0013028,0.0024894,0.036911,1615,2,-3.0779,0.9987,0.99868,1,19797,0,-3.0779
1494,Gm11456,2,0.0014111,0.0026978,0.039532,1645,2,-2.6638,0.99859,0.99858,1,19774,0,-2.6638
1495,Gm10155,1,0.0014267,0.0014234,0.024275,1651,1,-6.0428,0.99857,0.99862,1,19771,0,-6.0428
1496,Vmn1r149,2,0.0014472,0.0027668,0.040258,1654,2,-2.5063,0.99855,0.99854,1,19767,0,-2.5063
1497,Gm12013,2,0.0015942,0.0030568,0.043355,1683,2,-3.3217,0.99841,0.99839,1,19747,0,-3.3217
1498,Gm4600,2,0.001652,0.0031683,0.044316,1695,2,-2.8358,0.99835,0.99832,1,19735,0,-2.8358
1499,Gm10132,2,0.0016807,0.0032284,0.045069,1700,2,-3.6664,0.99832,0.99829,1,19732,0,-3.6664
1500,Gm12712,1,0.0016906,0.0016794,0.027345,1703,1,-3.9384,0.99831,0.99833,1,19729,0,-3.9384
1501,Gm12435,2,0.0017159,0.003304,0.045942,1705,2,-2.722,0.99828,0.99825,1,19726,0,-2.722
1502,Vmn1r-ps70,2,0.0017726,0.0034173,0.047208,1715,2,-2.1376,0.99823,0.99819,1,19712,0,-2.1376
1503,Gm20763,2,0.0018302,0.0035343,0.04851,1728,2,-1.7854,0.99817,0.99814,1,19703,0,-1.7854
1504,Gm8741,1,0.0018415,0.0018263,0.02909,1731,1,-5.5251,0.99816,0.99818,1,19700,0,-5.5251
1505,Gm9803,2,0.0018757,0.0036285,0.049578,1739,2,-1.3392,0.99812,0.99809,1,19693,0,-1.3392
1506,Gm11808,1,0.0020552,0.002044,0.031755,1769,1,-3.0428,0.99794,0.99796,1,19665,0,-3.0428
1507,Gm7392,1,0.002206,0.0021974,0.033543,1797,1,-3.0233,0.99779,0.99781,1,19640,0,-3.0233
1508,Gm6436,1,0.0024008,0.0023896,0.035781,1838,1,-4.496,0.9976,0.99762,1,19612,0,-4.496
1509,Gm4617,1,0.0024322,0.002425,0.03621,1843,1,-3.5636,0.99757,0.99759,1,19608,0,-3.5636
1510,Gm11270,1,0.0025831,0.002571,0.037935,1861,1,-3.4632,0.99742,0.99744,1,19590,0,-3.4632
1511,Gm10653,1,0.0032116,0.0031757,0.044392,1925,1,-4.362,0.99679,0.99684,1,19542,0,-4.362
1512,Gm10275,1,0.0035384,0.0034942,0.048084,1964,1,-4.4202,0.99646,0.99652,1,19510,0,-4.4202
1513,Gm10161,1,0.0036264,0.0035763,0.048959,1972,1,-3.8977,0.99637,0.99644,1,19502,0,-3.8977
